Price,Close,High,Low,Open,Volume
16-03-2021,21.29306602,21.5098997,21.24969995,21.37979982,9649363
17-03-2021,20.94613075,21.33643199,20.90276468,21.29306427,14312130
18-03-2021,20.8594017,21.33643685,20.72930181,20.98950325,16168159
19-03-2021,20.77266693,20.90276681,20.38236565,20.816033,15260549
22-03-2021,20.72929764,21.24969875,20.68593157,20.81603143,13817385
23-03-2021,20.64256668,20.9027681,20.5992006,20.72930049,13742805
24-03-2021,20.3390007,20.72930035,20.29563297,20.64256654,16788250
25-03-2021,19.90533066,20.42573012,19.86196293,20.33899798,19233029
26-03-2021,19.99206734,20.20890105,19.86196744,20.12216889,16323314
30-03-2021,19.90533066,20.20889646,19.86196293,20.07879659,14301425
31-03-2021,19.86196709,20.03543471,19.86196709,19.90533482,11770453
01-04-2021,19.81860161,20.12216914,19.68850171,19.9487015,18367745
05-04-2021,19.51503372,19.86196732,19.34156609,19.81860124,20106460
06-04-2021,19.08136177,19.51502908,18.99462798,19.51502908,25085603
07-04-2021,19.21146393,19.34156381,18.99463025,19.08136405,14507382
08-04-2021,19.03800011,19.38493371,18.99463237,19.1681,18025782
09-04-2021,19.03800011,19.12473227,18.99463237,19.08136619,16396258
12-04-2021,18.08393288,18.95126777,18.04056514,18.95126777,25942981
13-04-2021,18.60433006,18.64769614,18.04056118,18.08392891,14831755
15-04-2021,18.30076408,18.51759778,18.12729647,18.47423005,18166238
16-04-2021,18.86453247,19.08136618,18.25739743,18.43086506,22174311
19-04-2021,18.34413147,18.5175991,18.12729776,18.3874992,10477070
20-04-2021,18.43086243,18.77779598,18.30076255,18.34412863,12199610
22-04-2021,18.2573967,18.4742304,18.21403062,18.34413051,8974995
23-04-2021,18.30076408,18.64769766,18.21403028,18.30076408,15602661
26-04-2021,18.21402931,18.5175968,18.17066324,18.30076312,12051423
27-04-2021,18.38749695,18.64769671,18.25739542,18.30076314,14181276
28-04-2021,18.34413147,18.5175991,18.30076539,18.47423136,14514238
29-04-2021,18.34413147,18.47423136,18.30076539,18.47423136,9521946
30-04-2021,18.47422791,18.5609617,18.21402816,18.25739424,11713860
03-05-2021,18.2573967,18.43086432,18.17066454,18.34413051,17512189
04-05-2021,18.17066383,18.34412979,18.1272961,18.34412979,26418223
05-05-2021,18.21402931,18.38749692,18.17066324,18.21402931,9381211
06-05-2021,18.30076408,18.34413016,18.21403028,18.30076408,7525053
07-05-2021,18.30076408,18.34413016,18.21403028,18.30076408,8322642
10-05-2021,19.55839729,19.68849882,18.30076294,18.34412901,51346170
11-05-2021,19.90533066,20.03543052,19.25482968,19.38492954,33120701
12-05-2021,20.29563332,20.64256689,19.94869974,19.94869974,34159626
14-05-2021,19.99206734,20.6859362,19.94870126,20.5558363,18230175
17-05-2021,19.99206734,20.3390026,19.94870126,20.07880115,13816130
18-05-2021,20.03543282,20.1655327,19.86196521,20.1655327,9997457
19-05-2021,20.03543282,20.42573246,19.99206509,20.03543282,19146895
20-05-2021,20.03543282,20.51246626,19.90533294,20.12216662,21995952
21-05-2021,20.25226784,20.29563392,20.07880022,20.12216795,14712804
24-05-2021,20.81603432,20.9461342,20.55583455,20.68593443,32823856
25-05-2021,20.77266693,21.03286668,20.68593313,20.98950061,15738661
26-05-2021,20.68593407,20.90276775,20.64256634,20.90276775,10671045
27-05-2021,20.51246452,20.77266592,20.42573073,20.68593212,10133530
28-05-2021,20.3390007,20.59920047,20.20889916,20.51246666,10532654
31-05-2021,20.5992012,20.77266882,20.25226762,20.33900143,19396582
01-06-2021,20.46909904,20.72929879,20.38236524,20.64256499,11780039
02-06-2021,20.38236427,20.8160316,20.3389982,20.42573034,12961145
03-06-2021,20.46909904,20.55583284,20.42573132,20.46909904,10748652
04-06-2021,20.55583382,20.7726675,20.33900013,20.42573228,21328589
07-06-2021,21.42316437,21.55326422,20.72929572,20.81602951,42832019
08-06-2021,21.46653366,21.68336733,21.16296619,21.64000126,25856634
09-06-2021,21.07623482,21.64000376,20.98950266,21.55326995,28032813
10-06-2021,21.24969864,21.42316623,21.07623105,21.24969864,17127778
11-06-2021,21.20633316,21.4665329,21.11959936,21.33643303,15835535
14-06-2021,21.42316437,21.5098965,20.98949709,21.42316437,18111116
15-06-2021,21.85684013,22.20377376,21.50990485,21.68337249,54064001
16-06-2021,21.6400032,22.11703667,21.5532694,21.94356905,27411596
17-06-2021,21.42316437,21.90019772,21.29306286,21.59663029,24326370
18-06-2021,21.29306602,21.8568349,20.98950021,21.6833673,78058672
21-06-2021,21.59663582,21.64000355,21.07623462,21.24970224,14319848
22-06-2021,21.6400032,21.94356905,21.59663547,21.8568369,19440926
23-06-2021,21.55326843,21.77010212,21.42316855,21.77010212,13104410
24-06-2021,21.42316437,21.68336407,21.37979665,21.63999801,8410959
25-06-2021,21.42316437,21.55326422,21.33643058,21.42316437,8120462
28-06-2021,21.46653366,21.77010113,21.42316759,21.68336733,14044388
29-06-2021,21.94356918,22.9410055,21.42316964,21.5966356,100006129
30-06-2021,21.55326843,22.0736696,21.33643475,22.03030187,34846415
01-07-2021,21.03286743,21.68336849,20.98950136,21.64000241,23822346
02-07-2021,21.11960411,21.33643783,21.03287029,21.20633793,14428073
05-07-2021,21.11960411,21.37980391,21.03287029,21.24970401,20315538
06-07-2021,20.8594017,21.24970303,20.59920192,21.11960314,17324102
07-07-2021,20.64256668,21.11960179,20.5124668,20.68593441,16098633
08-07-2021,20.64256668,20.98950191,20.55583453,20.68593441,14740358
09-07-2021,20.55583382,20.72929977,20.51246609,20.6859337,8652360
12-07-2021,20.68593407,20.81603395,20.51246646,20.77266787,13596595
13-07-2021,20.55583382,20.85939965,20.55583382,20.7726675,13753544
14-07-2021,20.38236427,20.68593173,20.3389982,20.64256401,15287631
15-07-2021,20.12216949,20.46910311,20.12216949,20.42573537,13068468
16-07-2021,20.20889854,20.42573223,20.16553247,20.25226627,16212009
19-07-2021,20.25226784,20.33900165,20.07880022,20.16553403,9181862
20-07-2021,20.16553497,20.3390026,20.12216889,20.25226879,7502994
22-07-2021,20.42573166,20.51246546,20.20889798,20.29563178,9446372
23-07-2021,20.20889854,20.46909996,20.16553247,20.46909996,6701681
26-07-2021,20.16553497,20.29563487,20.12216889,20.16553497,7567068
27-07-2021,20.03543282,20.2522665,19.94869901,20.1655327,8964578
28-07-2021,19.94869804,20.03543184,19.81859817,19.99206412,8776723
29-07-2021,19.81860161,20.03543532,19.81860161,19.9487015,6718597
30-07-2021,19.94869804,20.12216565,19.81859817,19.90533197,7024120
02-08-2021,20.20889854,20.64256591,20.03543259,20.07879867,18872464
03-08-2021,20.42573166,20.59919926,20.16553191,20.25226571,11062324
04-08-2021,20.46909904,20.55583284,20.1221655,20.51246512,15813294
05-08-2021,20.51246452,20.64256439,20.12216492,20.46909845,10469724
06-08-2021,20.42573166,20.46909939,20.20889798,20.38236559,8223906
09-08-2021,20.42573166,20.51246546,20.25226571,20.42573166,7670837
10-08-2021,19.99206734,20.42573476,19.94870126,20.42573476,7343285
11-08-2021,19.99206734,20.12216889,19.77523363,19.99206734,8655301
12-08-2021,20.77266693,20.90276681,19.99206437,20.07879817,13674855
13-08-2021,20.64256668,20.94613418,20.55583453,20.8160343,9734894
16-08-2021,20.5992012,21.0328686,20.51246739,21.0328686,9160653
17-08-2021,20.25226784,20.59920143,20.16553403,20.59920143,7973831
18-08-2021,20.3390007,20.72930035,20.03543321,20.2522669,7908641
20-08-2021,19.94869804,20.25226552,19.90533197,20.20889779,9048947
23-08-2021,19.73186493,20.20889836,19.55839732,20.07879849,9143940
24-08-2021,19.90533066,19.9920628,19.6017632,19.6017632,8233304
25-08-2021,19.99206734,20.16553497,19.94870126,19.94870126,3960870
26-08-2021,19.86196709,20.12216853,19.81860101,20.03543471,4388277
27-08-2021,19.81860161,19.9487015,19.73186779,19.81860161,6665003
30-08-2021,19.94869804,20.07879792,19.86196424,19.86196424,6514245
31-08-2021,19.90533066,20.25226418,19.81859686,19.94869673,12755814
01-09-2021,19.99206734,20.07880115,19.90533518,19.99206734,5746286
02-09-2021,19.94869804,20.07879792,19.90533197,20.03543184,4622547
03-09-2021,19.99206734,20.07880115,19.94870126,19.94870126,4485349
06-09-2021,19.99206734,20.07880115,19.94870126,20.03543507,3775722
07-09-2021,19.94869804,20.07879792,19.90533197,20.03543184,5302631
08-09-2021,19.94869804,20.07879792,19.94869804,19.99206412,3914433
09-09-2021,19.99206734,20.03543507,19.94870126,19.99206734,3847580
13-09-2021,19.90533066,20.07879659,19.86196293,20.03543052,8635952
14-09-2021,19.90533066,20.03543052,19.86196293,20.03543052,11404677
15-09-2021,19.81860161,19.9487015,19.77523387,19.90533542,17256868
16-09-2021,19.77523041,19.90533194,19.68849826,19.86196421,22286215
17-09-2021,19.77523041,19.90533194,19.68849826,19.86196421,24880477
20-09-2021,19.64513206,19.86196576,19.60176599,19.73186587,10239638
21-09-2021,19.42829704,19.73186452,19.38493097,19.68849845,10140120
22-09-2021,19.38493156,19.60176525,19.34156384,19.47166537,9723023
23-09-2021,19.42829704,19.51503084,19.38493097,19.47166477,8459264
24-09-2021,19.34156418,19.55839787,19.2981981,19.47166571,10388205
27-09-2021,19.47166443,19.5150305,19.38493063,19.4282967,8668665
28-09-2021,19.38493156,19.51503144,19.34156384,19.42829764,11350575
29-09-2021,19.64513206,19.86196576,19.3849323,19.51503218,22206444
30-09-2021,19.81860161,19.99206759,19.68850171,19.86196769,14638191
01-10-2021,20.72929764,20.81603143,19.73186313,19.81859692,35110359
04-10-2021,20.68593407,21.2930674,20.64256634,20.98950156,28542026
05-10-2021,20.46909904,20.77266652,20.42573132,20.64256499,13352924
06-10-2021,20.51246452,20.98949958,20.42573073,20.46909845,40508684
07-10-2021,20.42573166,20.72929914,20.38236559,20.68593306,9134428
08-10-2021,20.46909904,20.64256499,20.42573132,20.51246512,7914906
11-10-2021,20.42573166,20.64256534,20.42573166,20.59919926,7353291
12-10-2021,20.3390007,20.51246666,20.29563297,20.42573285,8386488
13-10-2021,20.51246452,20.90276578,20.29563086,20.38236465,13948613
14-10-2021,20.46909904,20.68593272,20.46909904,20.55583284,12702200
18-10-2021,21.11960411,21.46653772,20.55583678,20.64256895,43875005
19-10-2021,20.68593407,21.33643513,20.51246646,21.20633525,23602125
20-10-2021,20.42573166,20.77266686,20.29563178,20.72929914,12927201
21-10-2021,20.98950195,21.11960184,20.46910076,20.51246684,25331808
22-10-2021,22.37723541,22.6808029,20.94613344,21.16296712,115092468
25-10-2021,21.6400032,22.89763763,21.3364357,22.72417167,53319421
26-10-2021,21.59663582,22.03030321,21.33643604,21.68336963,24445799
27-10-2021,21.55326843,21.94356807,21.5099007,21.68336831,18162921
28-10-2021,20.94613075,21.63999944,20.85939696,21.55326565,17364266
29-10-2021,20.98950195,21.11960184,20.16553327,20.68593445,16105471
01-11-2021,21.33643532,21.94356865,21.24970151,21.33643532,22482750
02-11-2021,21.29306602,21.55326742,21.20633388,21.5098997,12204586
03-11-2021,21.72673416,21.85683569,21.2930668,21.42316833,19662155
04-11-2021,21.94356918,22.1170368,21.85683703,21.94356918,9910868
08-11-2021,22.03030205,22.24713573,21.72673456,22.11703585,22364054
09-11-2021,22.4206028,22.55070268,21.98693544,22.29050292,27949534
10-11-2021,22.17029381,22.57257806,22.08089882,22.48318137,18408557
11-11-2021,21.94680023,22.17029108,21.94680023,22.12559359,9087058
12-11-2021,21.81270599,22.03619684,21.63391434,21.94680016,9367045
15-11-2021,21.72331238,22.12559664,21.63391739,22.08089914,7472234
16-11-2021,21.67861176,21.81270592,21.63391427,21.81270592,4493317
17-11-2021,21.45512199,21.67861285,21.41042451,21.58921617,7206748
18-11-2021,21.05283928,21.49982102,21.05283928,21.41042604,12290674
22-11-2021,21.23163223,21.4551231,20.87404719,21.00814137,15144944
23-11-2021,21.32102966,21.45512385,21.0081421,21.27633047,7176938
24-11-2021,21.23163223,21.4551231,21.18693474,21.41042561,5884980
25-11-2021,21.18693352,21.27632849,21.05283764,21.23163101,5125837
26-11-2021,20.87404823,21.1869358,20.82934903,21.00814242,7209870
29-11-2021,20.69525337,21.36572595,20.29297085,20.69525337,26736896
30-11-2021,20.7846508,21.09753836,20.69525411,20.69525411,4271236
01-12-2021,20.69525337,20.96344343,20.65055588,20.91874423,5898569
02-12-2021,20.7846508,20.87404749,20.65055662,20.87404749,4187212
03-12-2021,20.91874504,21.2316326,20.73995337,20.73995337,5631044
06-12-2021,20.82934761,21.05283847,20.73995263,21.00814098,5983533
07-12-2021,20.73995209,21.09753712,20.6505554,21.00814043,6328241
08-12-2021,20.91874504,21.00814173,20.78465086,20.87404755,4939244
09-12-2021,21.09753799,21.27632966,20.87404713,21.0528388,5503212
10-12-2021,21.18693352,21.27632849,21.05283764,21.09753684,5319317
13-12-2021,21.09753799,21.36572635,21.0528388,21.36572635,4212726
14-12-2021,20.96344185,21.1422335,20.91874266,20.91874266,4350221
15-12-2021,20.82934761,21.05283847,20.73995263,20.96344349,4861713
16-12-2021,20.60585976,20.96344655,20.38236886,20.87404985,9157304
17-12-2021,20.38236427,20.65055431,20.2929693,20.65055431,10293500
20-12-2021,20.1141777,20.33766857,20.06948021,20.33766857,7969017
21-12-2021,20.1141777,20.33766857,20.06948021,20.15887519,7246168
22-12-2021,20.20357323,20.29296991,20.02477986,20.20357323,7072820
23-12-2021,20.47176361,20.60585779,20.24827274,20.29297194,8518409
24-12-2021,20.15887451,20.42706456,20.06947953,20.42706456,6593200
27-12-2021,20.20357323,20.29296991,20.06947906,20.20357323,4025184
28-12-2021,20.38236427,20.47176095,20.15887343,20.20357262,4058607
29-12-2021,20.4270668,20.60585848,20.3823676,20.4270668,3573893
30-12-2021,20.38236427,20.51646014,20.33766679,20.47176095,2701320
31-12-2021,20.4270668,20.56116099,20.3823676,20.4717643,3542826
03-01-2022,20.60585976,20.65055896,20.47176556,20.51646476,6385594
04-01-2022,20.60585976,20.73995566,20.51646476,20.65055896,6402243
05-01-2022,20.4270668,20.65055768,20.29297262,20.60585848,7127303
06-01-2022,20.4270668,20.5164635,20.29297262,20.3823676,7417986
07-01-2022,20.51646042,20.60585539,20.47176123,20.56115791,5352715
10-01-2022,20.51646042,20.60585539,20.47176123,20.60585539,8226337
11-01-2022,20.51646042,20.73995127,20.42706374,20.51646042,11344815
12-01-2022,20.60585976,20.69525646,20.51646476,20.69525646,7981078
13-01-2022,20.56115723,20.6505539,20.51645974,20.6505539,6196111
14-01-2022,21.18693352,21.23163101,20.47176177,20.56115845,16831189
17-01-2022,21.49982071,21.67861408,21.27632984,21.41042573,16579585
18-01-2022,21.18693352,21.76800939,21.14223432,21.67861271,7441045
19-01-2022,21.05283928,21.23163266,21.00814179,21.14223597,5504174
20-01-2022,21.05283928,21.23163266,21.00814179,21.05283928,5622661
21-01-2022,20.82934761,21.32102853,20.78465012,21.00814098,8028725
24-01-2022,20.4270668,21.00814275,20.33767011,20.87404856,12317944
25-01-2022,20.56115723,20.6505539,20.11417555,20.38236387,6995265
27-01-2022,20.51646042,20.69525207,20.38236455,20.56115791,7169492
28-01-2022,20.60585976,20.82935065,20.56116226,20.60585976,5703163
31-01-2022,20.87404823,20.91874573,20.69525485,20.91874573,6102682
01-02-2022,20.69525337,21.0975376,20.60585669,20.96344343,10345830
02-02-2022,20.7846508,20.91874498,20.69525411,20.7846508,5780813
03-02-2022,20.73995209,20.87404626,20.69525289,20.78464958,4151889
04-02-2022,20.60585976,20.82935065,20.56116226,20.73995566,5329628
07-02-2022,20.60585976,20.69525646,20.56116226,20.65055896,5132340
08-02-2022,20.56115723,20.69525139,20.47176055,20.6505539,5051898
09-02-2022,20.60585976,20.69525646,20.56116226,20.60585976,3686570
10-02-2022,20.69525337,21.00814092,20.60585669,20.69525337,9814830
11-02-2022,20.51646042,20.73995127,20.47176123,20.69525207,7856571
14-02-2022,19.75659561,20.4270683,19.66719891,20.3823691,11887542
15-02-2022,20.1141777,20.15887519,19.75659266,19.98008353,6329315
16-02-2022,20.15887451,20.29297039,20.06947953,20.20357371,5154180
17-02-2022,20.06947899,20.24827065,20.0247798,20.24827065,2990546
18-02-2022,19.89068604,20.0694794,19.84598855,20.0694794,3970610
21-02-2022,19.71189117,19.84598704,19.66719369,19.75659036,5325454
22-02-2022,19.44370651,19.5778007,19.35430982,19.48840401,7967669
23-02-2022,19.66719437,19.75659105,19.44370352,19.44370352,13657093
24-02-2022,18.77323532,19.35431131,18.68383862,19.35431131,15562873
25-02-2022,19.22021294,19.3543071,18.90732541,18.90732541,6627144
28-02-2022,19.30961037,19.35430786,18.95202534,19.130817,3719485
02-03-2022,19.39900589,19.53310005,19.26491002,19.53310005,4596433
03-03-2022,19.44370651,19.53310321,19.35430982,19.48840401,4153853
04-03-2022,19.26491165,19.39900753,19.17551667,19.39900753,4796578
07-03-2022,18.95202637,19.17551724,18.86262968,19.17551724,5512286
08-03-2022,19.26491165,19.48840251,18.81792993,18.90732661,8292033
09-03-2022,19.35430908,19.44370577,19.26491239,19.35430908,4997588
10-03-2022,19.48840332,19.62249921,19.39900834,19.57780001,5835297
11-03-2022,19.35430908,19.66719664,19.30961159,19.44370577,10641873
14-03-2022,19.75659561,19.80129311,19.35431132,19.53310471,7375394
15-03-2022,19.80129051,20.06948058,19.71189382,19.93538469,6846313
16-03-2022,19.89068604,19.98008272,19.75659186,19.89068604,4423308
17-03-2022,20.4270668,20.73995438,19.75659416,20.06948174,15192734
21-03-2022,20.24827194,20.65055618,20.20357445,20.60585698,6083898
22-03-2022,19.98008347,20.3376685,19.84598929,20.24827182,7366442
23-03-2022,19.98008347,20.20357433,19.89068678,19.98008347,6972424
24-03-2022,19.93538475,20.06948064,19.89068726,19.98008395,4405621
25-03-2022,19.75659561,20.02478401,19.71189641,19.98008651,5570071
28-03-2022,19.48840332,19.89068757,19.44370583,19.75659339,7159635
29-03-2022,19.26491165,19.5777992,19.26491165,19.53310171,6497792
30-03-2022,19.22021294,19.44370378,19.17551545,19.3543071,6814486
31-03-2022,19.17551613,19.39900698,19.13081693,19.26491111,8040582
01-04-2022,19.22021294,19.30960962,19.08611877,19.13081626,10607411
04-04-2022,19.35430908,19.53310246,19.26491239,19.30961159,13261803
05-04-2022,19.80129051,19.93538469,19.35430878,19.35430878,8377562
06-04-2022,19.75659561,19.93538731,19.66719891,19.71189641,6691801
07-04-2022,19.93538475,19.98008395,19.80129057,19.84598977,6164467
08-04-2022,20.1141777,20.20357439,19.98008353,20.02478102,5812243
11-04-2022,20.1141777,20.24827188,20.02478102,20.20357439,5636321
12-04-2022,19.89068604,20.0694794,19.75659186,20.02478021,5415858
13-04-2022,19.89068604,20.02478021,19.80128935,19.89068604,4063739
18-04-2022,19.66719437,19.9353827,19.57779769,19.89068521,4439796
19-04-2022,19.66719437,20.02477938,19.57779769,19.75659105,8634544
20-04-2022,19.66719437,19.84598772,19.62249688,19.71189185,4610776
21-04-2022,19.71189117,19.89068453,19.71189117,19.75659036,5046345
22-04-2022,20.02478027,20.24827113,19.62249776,19.66719525,13593912
25-04-2022,19.93538475,20.06948064,19.80129057,20.02478144,6980246
26-04-2022,19.93538475,20.02478144,19.89068726,19.93538475,4007088
27-04-2022,19.98008347,20.02478096,19.80129009,19.84598929,6440370
28-04-2022,20.02478027,20.11417696,19.84598861,20.06947947,5196942
29-04-2022,19.93538475,20.24827231,19.84598977,20.02478144,5980303
02-05-2022,19.89068604,19.93538352,19.80128935,19.89068604,5574697
04-05-2022,19.66719437,19.98008189,19.66719437,19.89068521,5020823
05-05-2022,19.71189117,19.84598704,19.66719369,19.75659036,4973251
06-05-2022,19.39900589,19.66719422,19.3543067,19.53310005,4008872
09-05-2022,19.39900589,19.44370338,19.17551505,19.39900589,4374681
10-05-2022,19.17551613,19.53310116,19.17551613,19.48840196,6627695
11-05-2022,19.13081741,19.26491159,18.95202575,19.2202141,5823704
12-05-2022,18.90732765,19.13081853,18.86263016,19.13081853,6472563
13-05-2022,19.04142189,19.08612109,18.9967244,18.9967244,3492615
16-05-2022,19.08612061,19.57779984,18.99672392,19.08612061,6334547
17-05-2022,19.22021294,19.3543071,19.13081626,19.17551545,3964019
18-05-2022,19.26491165,19.48840251,19.22021416,19.35430834,3198002
19-05-2022,19.13081741,19.35430827,18.99672324,19.08611992,4268661
20-05-2022,19.22021294,19.62249715,19.17551545,19.30960962,6539615
23-05-2022,19.13081741,19.44370496,19.08611992,19.39900747,4715492
24-05-2022,19.26491165,19.39900753,19.04142079,19.22021416,3822900
25-05-2022,19.04142189,19.39900865,18.9967244,19.39900865,3077016
26-05-2022,18.99672127,19.13081543,18.86262711,19.04141875,3482555
27-05-2022,18.95202637,19.17551724,18.77323299,19.04142135,4756468
30-05-2022,18.99672127,19.08611794,18.95202378,18.99672127,3085932
31-05-2022,18.95202637,19.04142135,18.95202637,18.99672386,2753514
01-06-2022,18.99672127,19.08611794,18.95202378,19.04141875,4618347
02-06-2022,19.17551613,19.22021362,18.95202527,18.99672276,2687254
03-06-2022,19.13081741,19.26491159,19.08611992,19.2202141,2376146
06-06-2022,18.99672127,19.13081543,18.95202378,19.13081543,3058575
07-06-2022,18.99672127,19.04141875,18.90732459,18.99672127,5467984
08-06-2022,18.99672127,19.04141875,18.95202378,18.99672127,1632520
09-06-2022,18.95202637,18.99672386,18.90732717,18.95202637,1638001
10-06-2022,18.90732765,18.95202685,18.86263016,18.90732765,1628912
13-06-2022,18.59444046,18.86263054,18.54974297,18.86263054,6978917
14-06-2022,18.54974174,18.68383592,18.50504425,18.54974174,4484916
15-06-2022,18.54974174,18.59443924,18.50504425,18.54974174,3060444
16-06-2022,18.05806351,18.59444025,17.87927012,18.59444025,7871297
17-06-2022,17.70047569,17.96866575,17.6557782,17.96866575,6562891
20-06-2022,17.43228531,17.74517282,17.25349196,17.70047363,4780572
21-06-2022,17.83457184,17.87926933,17.4322876,17.56638178,3006661
22-06-2022,17.78986931,17.92396346,17.74517183,17.8345685,2309521
23-06-2022,17.74517441,17.87926858,17.65577772,17.70047521,2903295
24-06-2022,17.65577888,17.78987307,17.61108139,17.74517557,3141275
27-06-2022,17.65577888,17.78987307,17.61108139,17.74517557,3435302
28-06-2022,17.56638145,17.70047563,17.47698477,17.70047563,3878945
29-06-2022,17.56638145,17.65577814,17.38758979,17.47698477,2911052
30-06-2022,17.56638145,17.61108065,17.47698477,17.56638145,2829852
01-07-2022,17.83457184,17.92396682,17.52168428,17.61108097,2510750
04-07-2022,17.65577888,17.96866645,17.5663822,17.96866645,4764980
05-07-2022,17.78986931,17.87926598,17.70047264,17.74517183,2172288
06-07-2022,17.83457184,17.87926933,17.74517515,17.83457184,3057654
07-07-2022,17.83457184,17.96866602,17.78987264,17.87926933,2256307
08-07-2022,17.83457184,17.96866602,17.83457184,17.87926933,2821482
11-07-2022,18.01336479,18.10276149,17.78987391,17.83457311,2136231
12-07-2022,18.05806351,18.23685519,17.92396762,18.01336431,2131019
13-07-2022,17.96866608,18.14745775,17.92396688,18.14745775,1711397
14-07-2022,17.87926865,17.96866533,17.83457116,17.92396614,2438490
15-07-2022,17.96866608,18.05806276,17.8345719,17.92396688,3888758
18-07-2022,18.1027565,18.14745398,17.96866235,17.96866235,1920084
19-07-2022,18.28155136,18.32624885,18.05806052,18.10275801,1733146
20-07-2022,18.46034813,18.54974483,18.23685723,18.23685723,2638431
21-07-2022,18.37094879,18.46034548,18.37094879,18.46034548,1861097
22-07-2022,18.54974174,18.72853512,18.37094837,18.41564757,2691375
25-07-2022,18.37094879,18.59443966,18.28155381,18.54974217,2621417
26-07-2022,18.23685455,18.37094873,18.23685455,18.32625124,1044496
27-07-2022,18.14745712,18.23685381,18.10275963,18.23685381,1357707
28-07-2022,18.23685455,18.32625124,18.19215706,18.23685455,1509341
29-07-2022,18.41564941,18.50504611,18.28155522,18.28155522,2688899
01-08-2022,18.7285347,19.08611973,18.37094796,18.50504384,5196431
02-08-2022,18.99672127,19.13081543,18.72853294,18.77323043,3465913
03-08-2022,19.04142189,19.22021527,18.9967244,19.04142189,3404410
04-08-2022,19.04142189,19.35430946,18.90732771,19.17551778,5179908
05-08-2022,18.99672127,19.17551462,18.95202378,19.04141875,2668174
08-08-2022,19.08612061,19.17551729,18.95202642,18.99672392,2242450
10-08-2022,19.08612061,19.30961148,18.99672392,19.1308181,3695871
11-08-2022,18.95202637,19.30961142,18.90732717,19.22021473,3384528
12-08-2022,19.08612061,19.17551729,18.86262974,18.95202642,3140348
16-08-2022,19.08612061,19.17551729,18.99672392,19.1308181,3285567
17-08-2022,19.08612061,19.17551729,19.04142141,19.08612061,2817475
18-08-2022,19.13081741,19.26491159,18.99672324,19.04142073,3367337
19-08-2022,18.99672127,19.26490959,18.99672127,19.13081543,3208472
22-08-2022,18.7285347,19.04142054,18.6838355,19.04142054,2995773
23-08-2022,18.7285347,18.90732636,18.59443882,18.63913801,2215625
24-08-2022,18.81793022,18.86262942,18.68383604,18.72853524,5540331
25-08-2022,18.86262894,19.0861198,18.81792974,18.81792974,2519955
26-08-2022,18.99672127,19.22021211,18.95202378,18.99672127,4050990
29-08-2022,19.08612061,19.22021479,18.72853556,18.86262974,3976760
30-08-2022,19.13081741,19.2202141,19.08611992,19.2202141,2987602
01-09-2022,19.39900589,19.62249673,19.04141918,19.08611837,7092597
02-09-2022,19.62249947,19.66719696,19.3096119,19.48840358,7214311
05-09-2022,19.75659561,19.84599231,19.57780221,19.75659561,5413152
06-09-2022,20.02478027,20.11417696,19.75659193,19.80128942,7029366
07-09-2022,20.33766937,20.38236686,19.89068763,19.89068763,11453837
08-09-2022,20.33766937,20.56116024,20.29297188,20.42706606,8544734
09-09-2022,20.4270668,20.5164635,20.15887672,20.3823676,7536327
12-09-2022,20.51646042,20.60585539,20.20357289,20.42706374,11931156
13-09-2022,20.65055656,20.69525406,20.47176319,20.56115988,11480792
14-09-2022,20.4270668,20.5164635,20.3823676,20.4270668,4983940
15-09-2022,20.50061035,20.73043783,20.45464556,20.68447304,5293333
16-09-2022,20.22481537,20.45464282,20.04095271,20.3167467,7621644
19-09-2022,19.85709381,20.13288607,19.81112726,20.13288607,4090063
20-09-2022,19.90305901,20.04095514,19.81112766,19.85709421,2769912
21-09-2022,19.76516151,20.08692031,19.67323018,19.90305764,5095250
22-09-2022,19.71919632,19.8111259,19.58129844,19.76516111,3121582
23-09-2022,19.58130074,19.76516342,19.53533594,19.76516342,3349284
26-09-2022,19.21357536,19.53533416,19.12164403,19.53533416,6258183
27-09-2022,19.44340515,19.58130129,19.21357766,19.35147381,4591378
28-09-2022,19.53533363,20.04095333,19.35147097,20.04095333,6152889
29-09-2022,19.62726593,19.71919727,19.53533459,19.67323072,2861215
30-09-2022,19.53533363,19.7191963,19.4434023,19.62726497,3226644
03-10-2022,19.53533363,19.62726497,19.4434023,19.48936884,3531770
04-10-2022,19.62726593,19.71919727,19.58129938,19.58129938,2654820
06-10-2022,19.67323112,19.71919767,19.62726633,19.71919767,2409652
07-10-2022,19.62726593,19.67323072,19.53533459,19.62726593,1793061
10-10-2022,19.67323112,19.81112726,19.4893702,19.58129979,5286105
11-10-2022,19.62726593,19.81112685,19.58129938,19.76516206,2507254
12-10-2022,19.62726593,19.76516206,19.62726593,19.71919727,2250705
13-10-2022,19.67323112,19.71919767,19.58129979,19.62726633,2494125
14-10-2022,19.67323112,19.81112726,19.62726633,19.67323112,2736083
17-10-2022,19.58130074,19.67323208,19.48937115,19.67323208,2903656
18-10-2022,19.67323112,19.71919767,19.53533499,19.62726633,2954018
19-10-2022,19.71919632,19.76516111,19.62726499,19.76516111,3812012
20-10-2022,19.58130074,19.71919863,19.53533594,19.71919863,2138398
21-10-2022,19.62726593,19.67323072,19.58129938,19.58129938,1874409
24-10-2022,19.85709381,19.94902515,19.76516247,19.94902515,2874558
25-10-2022,20.17885399,20.31675013,19.71919902,19.71919902,7281948
27-10-2022,20.50061035,20.63850824,20.27078287,20.45464556,6706879
28-10-2022,20.54657555,20.77640301,20.500609,20.500609,6390289
31-10-2022,20.82236862,21.05219609,20.59254115,20.68447249,8254434
01-11-2022,20.73043633,21.05219512,20.63850674,20.914299,7735529
02-11-2022,20.82236862,20.91429996,20.68447249,20.82236862,5131538
03-11-2022,20.9602623,21.19008974,20.73043485,20.82236618,11765692
04-11-2022,21.78764343,22.15536701,21.05219452,21.09816107,34154707
07-11-2022,22.70695114,23.21257079,22.01746884,22.01746884,52076818
09-11-2022,23.07467842,23.39643723,22.70695482,22.98274708,38875439
10-11-2022,22.47712708,23.12064293,22.43116053,23.0287116,14954605
11-11-2022,22.52309036,23.0746766,22.3392277,22.93678048,18761662
14-11-2022,22.79888535,22.98274803,22.43116173,22.66098921,22046223
15-11-2022,23.16661072,23.48836779,22.84485189,22.84485189,35052725
16-11-2022,24.77540207,25.14312567,23.16660977,23.16660977,191610244
17-11-2022,26.43341064,27.191359,25.72283508,25.81757885,215982024
18-11-2022,26.05443764,26.95450075,25.39123305,26.62289846,108880653
21-11-2022,26.6228981,26.76501285,25.48597648,26.05443729,77988304
22-11-2022,27.42821693,28.61250952,26.62289762,26.71764138,174086537
23-11-2022,27.71244621,27.90193375,26.81238313,27.4755877,87003661
24-11-2022,29.27571297,30.03366132,27.85456183,27.9493056,239985161
25-11-2022,30.12840462,30.46000873,29.41782902,29.55994558,151615074
28-11-2022,31.78641701,32.97070977,30.12840714,30.31789471,321464637
29-11-2022,33.44442368,34.39185779,32.0232725,32.11801808,347649114
30-11-2022,31.07583427,35.14979972,30.7916048,34.20236573,356366103
01-12-2022,32.40224457,32.8285906,30.83897697,31.45481054,198522937
02-12-2022,32.68647766,32.92333619,32.11801863,32.87596521,100345607
05-12-2022,31.88116074,32.87596588,31.69167318,32.87596588,71585440
06-12-2022,31.26532555,31.88115916,30.36526242,31.50218407,107014786
07-12-2022,31.31270027,31.88116297,30.98109974,31.40744586,70789132
08-12-2022,30.50737953,31.54955562,30.270521,31.50218464,55312942
09-12-2022,29.41782761,30.79160775,28.99148335,30.50737825,65342359
12-12-2022,31.64430237,32.16539043,28.65988332,29.37045894,142467203
13-12-2022,32.02327347,32.87596565,31.83378592,32.16539004,105835589
14-12-2022,32.16538239,32.30749531,31.07583193,32.21275336,64653991
15-12-2022,31.17058372,32.07064324,31.02846716,31.92853029,46565124
16-12-2022,30.41263008,31.02846363,29.8915421,30.6021176,43591915
19-12-2022,31.12320709,31.50218216,30.50737713,30.60211909,38418582
20-12-2022,33.77602005,34.01287853,30.88634376,31.21794779,181272162
21-12-2022,30.60212135,34.58134538,29.27571395,34.29711587,192467386
22-12-2022,29.60731506,31.64429979,29.37045654,31.26532471,99443583
23-12-2022,26.38603973,29.32308577,26.10180842,29.32308577,122876842
26-12-2022,28.75462341,29.18096765,26.38603832,26.76501157,136601051
27-12-2022,30.41263008,30.69686317,29.4178251,29.6546836,89075438
28-12-2022,30.79160881,31.45481342,29.89154568,30.46000832,104597559
29-12-2022,30.98109627,31.45481332,30.03366215,30.31789166,87697856
30-12-2022,30.83897781,31.50218238,30.64949028,31.36006582,42178363
02-01-2023,31.17058372,31.59692618,30.79160863,30.98109618,40172355
03-01-2023,32.07064438,32.35487751,31.17058483,31.2653268,84881999
04-01-2023,31.50218201,32.78121652,31.2653235,32.26012852,75920751
05-01-2023,31.02846527,31.88115737,30.50737726,31.69166983,45698294
06-01-2023,30.98109627,31.36006775,30.64949216,31.2179548,27818130
09-01-2023,30.98109627,31.59692627,30.8389797,31.31269676,28648565
10-01-2023,30.46000671,31.17058226,30.36526114,31.12320767,22376324
11-01-2023,30.46000671,30.88634915,30.03366066,30.50737769,25187049
12-01-2023,31.02846527,31.17058182,30.31788973,30.60211922,41148274
13-01-2023,32.16538239,32.44961184,30.98108998,31.07583193,75271636
16-01-2023,31.407444,32.21276159,31.26532743,32.21276159,43209016
17-01-2023,30.98109627,31.40744234,30.74423774,31.31269676,23809717
18-01-2023,31.31270027,31.64430442,31.07584172,31.17058731,26275227
19-01-2023,31.407444,31.83378648,30.74423936,31.07583987,43947894
20-01-2023,31.36006737,32.35487607,31.21795442,31.40744196,37966558
23-01-2023,31.12320709,31.88115722,30.93372317,31.64429871,47560769
24-01-2023,30.88635063,31.59692622,30.6968667,31.17058376,34050557
25-01-2023,30.27051926,31.12320775,30.08103172,30.88634923,29120299
27-01-2023,29.65468788,30.60212202,28.84937031,30.46000907,34619490
30-01-2023,29.55994225,30.03365926,28.47039167,28.47039167,37227440
31-01-2023,31.31270027,31.50218784,29.74943417,29.89154894,35809352
01-02-2023,29.84417534,32.35487725,29.18097072,32.07064412,78444937
02-02-2023,29.89154625,30.74423842,29.60731673,29.84417527,24517707
03-02-2023,29.51257133,30.41263263,29.22834183,30.2231469,28559269
06-02-2023,28.61251068,29.89154528,28.47039412,29.89154528,30328389
07-02-2023,28.32827759,29.03885312,28.13879186,28.80199461,25692419
08-02-2023,28.75462341,29.18096765,27.9966751,28.5177649,29213321
09-02-2023,28.51776505,28.75462356,28.23353375,28.65987979,12967212
10-02-2023,28.51776505,28.80199454,28.28090653,28.3756503,12718144
13-02-2023,28.37565231,28.84936937,28.18616477,28.61251084,16476556
14-02-2023,27.61770439,28.280909,27.47558963,28.23353621,23057839
15-02-2023,28.23353767,28.51776901,27.2861035,27.47559106,108461456
16-02-2023,27.42821693,28.375651,27.28610038,28.04404872,37728708
17-02-2023,27.23872948,27.66507553,27.14398571,27.38084423,17614414
20-02-2023,27.00187111,27.47558815,26.71764161,27.42821717,13475222
21-02-2023,26.76501274,27.09661503,26.67026897,26.81238372,11287304
22-02-2023,26.43341064,26.71764195,26.33866687,26.71764195,14410318
23-02-2023,26.29129601,26.9071278,26.19655223,26.33866699,17475738
24-02-2023,26.38603973,26.76501301,26.33866695,26.4807835,10402222
27-02-2023,25.67546463,26.67026972,25.58072086,26.62289874,14416765
28-02-2023,25.53334808,26.05443608,25.39123153,25.81757757,16207572
01-03-2023,25.86495018,26.71764231,25.4859769,25.53334969,27761685
02-03-2023,27.00187111,27.94930518,25.91232229,26.00706605,74972504
03-03-2023,26.71764183,27.47558837,26.33866675,27.28610083,31886865
06-03-2023,26.71764183,27.66507591,26.62289806,26.95450035,24034894
08-03-2023,26.57552528,26.8123838,26.43341053,26.71764184,16951705
09-03-2023,26.38603973,27.23873005,26.29129596,26.62289826,29457034
10-03-2023,26.52815437,26.71764191,26.10180831,26.24392487,18602384
13-03-2023,25.95969391,26.71764227,25.81757916,26.67026948,16451332
14-03-2023,25.67546463,26.19655267,25.4386061,26.14918168,17256430
15-03-2023,25.5807209,26.14918173,25.43860615,25.95969418,10378460
16-03-2023,25.62809181,25.81757936,25.01226001,25.58072083,16145407
17-03-2023,25.5807209,26.05443796,25.43860615,25.81757943,14474482
20-03-2023,25.29648972,25.53334823,25.10700218,25.53334823,12817483
21-03-2023,25.39123154,25.53334809,25.34386056,25.4859753,8231139
22-03-2023,25.53334808,25.81757757,25.43860432,25.53334808,9524521
23-03-2023,25.39123154,25.62809005,25.29648958,25.4859753,9750086
24-03-2023,25.15437508,25.53335017,25.05963311,25.48597738,9405435
27-03-2023,24.53854179,25.48597585,24.39642705,25.20174636,14682995
28-03-2023,24.15956879,24.63328582,24.06482502,24.63328582,10179329
29-03-2023,24.96488953,25.10700428,24.15957016,24.15957016,15458843
31-03-2023,25.20174789,25.86495069,25.05963314,25.10700412,17209537
03-04-2023,26.33866692,26.52815446,25.29649087,25.43860562,27498143
05-04-2023,25.95969391,26.67026948,25.81757916,26.52815473,16069321
06-04-2023,26.00706673,26.24392525,25.7702082,25.91232296,12059313
10-04-2023,26.10180855,26.48078363,25.9596938,26.14918134,13598478
11-04-2023,26.14917946,26.43340894,26.10180667,26.14917946,10351890
12-04-2023,25.91232109,26.29129434,25.81757733,26.19655058,10628633
13-04-2023,26.05443764,26.52815469,25.91232288,25.95969387,12152354
17-04-2023,26.10180855,26.19655232,25.81757904,26.05443757,10152996
18-04-2023,26.76501274,27.14398601,26.05443718,26.10180816,29141937
19-04-2023,26.38603973,27.04924251,26.29129596,26.76501301,12802470
20-04-2023,26.71764183,26.85975658,26.33866675,26.48078331,21180929
21-04-2023,26.57552528,27.04924232,26.43341053,26.8123838,15543321
24-04-2023,27.9966774,28.42302347,26.48078426,26.62289902,114914226
25-04-2023,29.18096733,29.55994239,27.80718907,28.28090609,165437101
26-04-2023,28.65988159,29.93891799,28.47039405,29.41782815,124814428
27-04-2023,29.79680252,30.79160758,28.32827861,28.6598809,235048732
28-04-2023,30.0810318,30.6494908,29.84417328,30.03366082,94569856
02-05-2023,31.78641701,32.16539214,30.50738227,30.60212425,204453588
03-05-2023,33.58654022,34.15499925,31.78641395,31.92853051,343151755
04-05-2023,32.40224457,35.43403419,32.21275704,34.15499608,275121738
05-05-2023,33.01807404,33.49179104,32.30749852,32.6391026,207483533
08-05-2023,33.01807404,34.15499558,32.8759611,33.39704909,158914127
09-05-2023,31.17058372,33.68128195,30.98109618,33.39705244,126905423
10-05-2023,31.12320709,31.73904067,30.22314583,31.17058169,94417242
11-05-2023,31.92853355,32.54436362,31.45481645,31.64430401,137743556
12-05-2023,31.59692383,32.16538642,31.31269434,31.97589889,54099932
15-05-2023,31.69167137,32.16538842,31.31269629,31.83378432,48801180
16-05-2023,31.78641701,32.16539214,31.64430404,31.8811626,50104989
17-05-2023,32.21275711,32.82859068,31.83378205,31.88115664,87773958
18-05-2023,32.1180191,32.82859472,31.92853155,32.59173618,43139793
19-05-2023,31.73904037,32.44961591,31.31269433,32.30749935,38623945
22-05-2023,31.59692383,31.92852791,31.40743991,31.78641136,39038713
23-05-2023,31.59692383,31.97589889,31.50218187,31.64429842,26334035
24-05-2023,32.07064438,32.49699047,31.40744337,31.50218534,49417869
25-05-2023,30.31789207,32.35487689,29.98628977,32.11801836,78918846
26-05-2023,30.22314644,30.55474872,29.55994367,30.31789021,52280306
29-05-2023,30.74423599,30.88634893,30.31788994,30.55474846,38342982
30-05-2023,30.31789207,30.55475061,30.12840453,30.2231483,30754089
31-05-2023,30.50737953,30.6021215,30.12840444,30.31789198,25341934
01-06-2023,30.46000671,30.74423621,30.31789016,30.55474867,20794791
02-06-2023,30.31789207,30.69686717,30.2231483,30.60212159,18155919
05-06-2023,30.12840462,30.46000873,30.08103363,30.36526315,23679377
06-06-2023,30.60212135,30.7916089,30.12840429,30.17577708,31526798
07-06-2023,32.07064438,32.30750292,30.60212218,30.74423874,99888253
08-06-2023,31.64430237,32.40224897,31.36006923,32.35487799,46914299
09-06-2023,31.407444,31.83378648,31.21795644,31.7864155,24830925
12-06-2023,31.31270027,31.54955883,31.17058731,31.50218784,18481171
13-06-2023,31.26532555,31.50218407,31.075838,31.31269653,16812036
14-06-2023,31.31270027,31.73904639,31.26532928,31.50218784,19489115
15-06-2023,31.12320709,31.45481118,31.02846513,31.31269463,14736948
16-06-2023,31.21795464,31.50218415,31.07583807,31.26532562,18034381
19-06-2023,31.26532555,31.64430063,31.17058358,31.36006751,23821237
20-06-2023,31.36006737,31.45481295,30.93372491,31.12320884,17410144
21-06-2023,31.31270027,31.78641738,31.17058731,31.54955883,23054775
22-06-2023,31.07583427,31.40743834,30.93372134,31.31269277,14109469
23-06-2023,30.55475044,31.12320947,30.46000848,31.07583849,24307838
26-06-2023,30.64949226,31.07583834,30.27052079,30.60212128,11033301
27-06-2023,30.98109627,31.26532578,30.41263363,30.64949216,23652368
28-06-2023,30.93372917,31.12321313,30.79161259,30.93372917,9648453
30-06-2023,30.98109627,31.36006775,30.74423774,31.02846725,14373970
03-07-2023,31.02846527,31.26532378,30.98109429,31.12320723,16288496
04-07-2023,31.36006737,31.54955491,30.88635032,31.07583786,29446900
05-07-2023,31.69167137,32.35487596,31.40744186,31.45481285,41585187
06-07-2023,31.59692383,31.88115693,31.50218187,31.73904038,18663493
07-07-2023,31.36006737,31.73904245,31.17058344,31.54955491,14912804
10-07-2023,31.21795464,31.50218415,31.07583807,31.50218415,13203680
11-07-2023,31.17058372,31.36006766,31.07583815,31.21795471,13406298
12-07-2023,31.21795464,31.40744218,31.02846709,31.07583807,18276560
13-07-2023,30.83897781,31.36006582,30.69686487,31.31269484,12769558
14-07-2023,30.83897781,31.07583633,30.74423585,30.79160683,10988416
17-07-2023,30.79160881,31.07583832,30.64949225,30.83897979,17532573
18-07-2023,30.88635063,31.45481327,30.74423768,30.88635063,24480880
19-07-2023,31.12320709,31.21795267,30.8389776,30.98109415,14117155
20-07-2023,31.50218201,31.88115707,31.07583596,31.17058154,42035133
21-07-2023,33.11281967,33.34967818,31.45481014,31.5495521,172775659
24-07-2023,33.25492859,34.20236249,32.8759572,33.6339036,89931586
25-07-2023,32.63910675,33.34968235,32.49699018,33.30231137,33446144
26-07-2023,33.39704895,34.34448296,32.7812154,32.82858999,85247455
27-07-2023,33.01807404,33.49179104,32.73384455,33.49179104,37679849
28-07-2023,33.20756531,33.5865404,32.92333579,33.25493629,30923854
31-07-2023,36.19197845,36.5235789,33.30230556,33.63390601,216012818
01-08-2023,38.37107468,39.50799613,36.76043625,36.94992376,381693749
02-08-2023,37.61313629,38.93954193,36.8078151,38.60794142,159610570
03-08-2023,42.35029984,42.91875878,37.66050089,37.80261743,454943778
04-08-2023,42.68190384,45.76106455,42.16081583,44.33991345,274350314
07-08-2023,47.13484573,47.98753786,43.29773841,43.53459693,306863736
08-08-2023,47.65593338,49.26657203,46.80324488,48.55599648,303287703
09-08-2023,46.37689972,47.46644676,45.52420759,47.27696283,170874267
10-08-2023,46.85061646,47.65593399,46.28215383,46.37689941,108926518
11-08-2023,46.32952499,47.51381752,45.95054994,47.08747149,69084615
14-08-2023,48.17701721,48.60336323,42.49241324,46.09266531,240638055
16-08-2023,48.55599594,49.92977606,47.75067843,48.22439546,207500648
17-08-2023,45.14523315,47.37170169,44.2451701,47.37170169,155217100
18-08-2023,44.76626205,46.42427176,43.9609445,45.14523715,127976241
21-08-2023,45.23997879,45.80843781,44.95574928,45.66632486,74415020
22-08-2023,45.33472061,45.66632472,45.09786208,45.57157914,40881273
23-08-2023,45.23997879,45.61895388,45.09786223,45.47683732,29610934
24-08-2023,46.04529572,47.60856342,45.38209474,45.4768367,119824410
25-08-2023,45.85581207,46.61375863,45.52420797,46.14004158,36732928
28-08-2023,46.14004135,46.70850037,45.95055381,46.32952889,42444304
29-08-2023,46.89798355,48.17701802,46.37689557,46.47163752,107331968
30-08-2023,47.18221283,48.17701781,46.99272531,47.37170035,57580129
31-08-2023,47.56119156,47.84542106,47.18221648,47.65593352,37388795
01-09-2023,52.81945038,53.53002594,47.46644634,47.84542142,236065708
04-09-2023,63.19384766,63.3833388,54.1458569,54.6669449,504243805
05-09-2023,68.45211792,71.72076287,65.84667399,66.08353252,573870002
06-09-2023,65.13608551,70.11011386,63.71493455,69.63639687,203998733
07-09-2023,69.30480194,70.58383646,64.61499907,65.46769116,202538874
08-09-2023,73.04717255,73.85249014,70.72596174,70.77332911,179288780
11-09-2023,80.29503632,80.34241091,77.21587563,77.40535955,169943821
12-09-2023,78.44754791,87.49553941,73.28402763,86.21650479,395003025
13-09-2023,74.75254822,79.86869355,71.43652903,75.69998227,238578975
14-09-2023,76.97901917,77.68959473,74.61043396,76.74216064,129797195
15-09-2023,75.83222961,78.50810206,75.25883046,78.12583352,77020431
18-09-2023,73.20413208,76.16669999,72.91743619,76.16669999,73958819
20-09-2023,73.77752686,75.92777869,70.71939382,72.63072879,76414678
21-09-2023,71.14944458,74.7809841,70.71939711,73.77753028,52360179
22-09-2023,71.77062988,72.72629741,68.18687665,71.67506459,94866289
25-09-2023,73.39526367,75.21102601,71.48392876,72.77407837,85506777
26-09-2023,72.58293152,74.01643253,72.20067042,73.77751569,33138244
27-09-2023,72.05732727,73.29969058,71.53170726,71.53170726,31966561
28-09-2023,71.53171539,72.91743773,71.19723321,72.63073455,25011662
29-09-2023,73.15635681,74.1120244,71.29280064,71.96177233,39254526
03-10-2023,73.20413208,74.3509375,72.91743619,73.44304896,32681918
04-10-2023,71.72284698,73.2041272,70.52826264,73.06077562,34505676
05-10-2023,71.05387878,72.48738007,70.71939661,72.39181477,20716740
06-10-2023,71.53171539,72.63073455,70.52826883,71.48393639,27407523
09-10-2023,67.9957428,69.71593989,67.2312059,69.42924402,49805228
10-10-2023,72.29624939,72.86964844,68.18687613,68.23466243,75097719
11-10-2023,72.24846649,74.20758792,72.0095496,73.20413406,45128089
12-10-2023,71.77062988,72.72629741,71.483934,72.67851841,21587597
13-10-2023,73.20413208,74.87655027,71.19723171,71.67506547,78755411
16-10-2023,72.91743469,73.82531592,72.82186211,73.77752963,23187941
17-10-2023,75.64108276,77.21793557,73.20412776,73.53860993,153256370
18-10-2023,74.06423187,77.12236498,73.7297497,76.35783535,60210098
19-10-2023,74.15979767,74.9243346,72.43960052,72.7262964,36281928
20-10-2023,73.63417816,75.73664358,73.25190973,74.15979087,34571282
23-10-2023,68.99919128,74.49427946,68.8080607,74.064232,59336442
25-10-2023,67.1834259,71.5794948,64.98538781,70.1459936,67364514
26-10-2023,67.08785248,68.2346578,62.83513522,65.84548916,109965024
27-10-2023,68.76027679,69.90708222,67.32677548,68.23466402,71117911
30-10-2023,69.52481079,69.85929296,66.80115987,69.23810762,44719772
31-10-2023,69.3814621,71.10166659,68.90362833,70.43269494,44614720
01-11-2023,69.71594238,70.14599714,69.28589492,69.71594238,17172572
02-11-2023,69.81150818,71.24500931,69.57259132,70.71938931,22236579
03-11-2023,68.95141602,70.09821417,67.90018316,69.4770288,35993734
06-11-2023,69.57259369,70.91052229,69.42924211,69.85928955,28925365
07-11-2023,69.81150818,71.00609246,69.57259132,70.00263875,32735491
08-11-2023,72.24846649,73.10856876,70.14600076,70.24156606,61639026
09-11-2023,71.2928009,73.49083928,70.81496711,72.63073699,35223000
10-11-2023,71.58261108,71.87242218,70.76148947,71.87242218,20115569
13-11-2023,71.14789581,72.11392289,71.05129458,72.06561859,21466105
15-11-2023,71.00299072,72.25882888,70.66488272,71.87241657,19871941
16-11-2023,70.61657715,71.38940175,70.51997592,71.24449622,15227424
17-11-2023,74.28748322,74.96369922,70.2301651,70.90638847,116818430
20-11-2023,73.51465607,75.83312243,73.22485238,74.77049416,46928842
21-11-2023,74.23917389,75.54330887,73.75616039,73.90106591,49893620
22-11-2023,74.09427643,75.44671586,72.93504684,74.67389859,35591880
23-11-2023,73.90106964,74.77049546,73.75616411,74.19088071,22783082
24-11-2023,73.51465607,74.86709539,73.32145361,74.23917634,21604709
28-11-2023,73.03164673,74.14257936,72.69353872,73.85276828,25080614
29-11-2023,72.74185181,73.75617595,72.4520407,73.41806791,14635478
30-11-2023,72.11391449,72.88673164,71.63090101,72.88673164,19003196
01-12-2023,72.83843994,74.62558848,72.25882519,72.40372335,34411168
04-12-2023,73.80446625,75.49501354,73.56295949,75.35010801,54336061
05-12-2023,73.56295776,74.57728169,73.22484979,74.38407924,28021269
06-12-2023,73.22485352,73.9493738,73.03164368,73.9010695,24145206
07-12-2023,73.46635437,74.04596908,72.06561083,72.4520231,25013914
08-12-2023,73.99767303,75.01200442,73.03164595,73.51465949,47322739
11-12-2023,79.40742493,80.51835757,74.19088447,74.38408694,268676897
12-12-2023,80.22855377,83.56134433,79.26252667,81.58098582,135491070
13-12-2023,80.66326904,82.49872215,80.2768567,81.14628263,84559239
14-12-2023,89.50240326,92.9317947,81.91909276,82.06399092,475975248
15-12-2023,91.4827652,97.37553652,90.9031504,91.77257628,325150277
18-12-2023,91.14465332,93.07670748,88.14997085,92.64199824,151821592
19-12-2023,96.69931793,98.05175744,91.28956727,91.72427655,328191530
20-12-2023,89.30919647,100.5634129,88.19827128,98.72796007,263936530
21-12-2023,95.49178314,96.40951336,84.14096403,87.81187018,280904719
22-12-2023,94.42914581,98.43815962,93.36651751,97.56873378,137646820
26-12-2023,94.09103394,95.92648676,93.26991244,95.15366219,77725407
27-12-2023,93.41481018,95.54007405,92.93179667,94.67064826,48428319
28-12-2023,93.17331696,95.25027683,92.78691199,93.94614163,59468778
29-12-2023,95.97478485,97.08571742,93.22160926,93.41481172,153201085
01-01-2024,96.98912048,98.92117465,96.0230934,96.60270818,102849848
02-01-2024,96.60271454,98.1966608,94.47745777,97.56874168,70051082
03-01-2024,97.47212982,98.48645379,95.63667697,96.79590647,96843171
04-01-2024,97.8585434,100.0804012,97.4721311,98.24494832,66810041
05-01-2024,97.32722473,98.96946776,96.50610322,98.48645424,43542157
08-01-2024,96.55438995,98.2449371,96.216282,97.90682915,38895310
09-01-2024,96.69931793,98.72797351,96.50611545,97.47214261,44804938
10-01-2024,99.54908752,99.98379674,96.16799295,97.03741137,110316122
11-01-2024,103.2199936,105.5867644,100.7083246,101.1430339,191294222
12-01-2024,109.5474701,110.1270849,105.152044,105.2969496,199380642
15-01-2024,109.5474701,109.5474701,109.5474701,109.5474701,0
16-01-2024,137.0309448,141.8127758,131.5245788,133.8913569,492705331
17-01-2024,144.0346375,145.5802719,128.5299005,133.3117314,336463589
18-01-2024,141.2814636,149.7342008,131.6694969,147.8021466,272134347
19-01-2024,154.8058319,155.385454,144.1312303,144.4210413,266085180
23-01-2024,155.8201752,186.250029,153.3568031,179.4878393,269108130
24-01-2024,166.0600433,167.41249,145.870084,159.3944626,198113352
25-01-2024,167.9438171,172.2426348,165.6736476,168.8132356,100074798
29-01-2024,165.0457306,172.2426293,163.5483857,171.2766022,74341987
30-01-2024,160.9883881,166.3015364,158.5733206,165.5770162,69398771
31-01-2024,169.199646,170.7935996,160.3605036,162.1476597,84194726
01-02-2024,164.1279907,177.0244578,162.4857477,173.8848699,165894732
02-02-2024,163.2102814,169.0547485,161.42314,166.8328831,61739734
05-02-2024,155.0956573,164.4178132,154.5643395,164.3695089,68987316
06-02-2024,155.4337311,158.621623,146.9327057,155.9167446,81434112
07-02-2024,156.9794006,160.2638868,154.2262176,158.9114548,36816341
08-02-2024,156.4480896,158.8148531,155.2405557,158.8148531,34218693
09-02-2024,148.4783478,156.4963749,144.082922,156.4963749,64801528
12-02-2024,128.4332886,145.9183834,125.7767143,145.5319638,128716009
13-02-2024,148.2368469,150.9900299,123.3133536,127.5155698,240631230
14-02-2024,149.0579681,152.052643,140.5569276,148.188535,152849830
15-02-2024,153.5016937,156.01337,149.6375855,150.9900322,77035160
16-02-2024,150.1689148,155.9167733,149.7342055,154.3228344,41902227
19-02-2024,153.2602081,158.7665749,149.106303,150.700242,87423359
20-02-2024,153.1152954,155.2888564,151.8111529,154.2262207,35987220
21-02-2024,148.9613647,154.9507294,148.1885402,153.4533993,35706625
22-02-2024,147.0293121,150.5553197,144.131231,148.8647723,39315419
23-02-2024,147.9953461,151.0866298,147.5123325,148.4783596,34425812
26-02-2024,147.1259155,151.0866174,146.5945977,149.0579695,35557532
27-02-2024,146.449707,151.3281319,145.8700849,147.7055304,43995103
28-02-2024,142.3923798,148.188542,140.5569343,147.6572389,39947465
29-02-2024,141.7644806,145.1455755,136.0166221,141.0399602,63490121
01-03-2024,142.3923798,146.2564879,141.5712656,142.9720019,30685800
04-03-2024,140.6052399,144.4210438,139.7358067,144.3244352,22040025
05-03-2024,140.1222229,143.3584046,138.9146891,139.97731,23046386
06-03-2024,135.7268066,140.7501446,135.2437931,140.267131,26188126
07-03-2024,138.8180847,139.4943007,134.9056722,136.54793,24018294
11-03-2024,136.306427,142.2474877,135.2920956,139.2527978,24321115
12-03-2024,132.1042023,137.5622493,131.0415666,136.9826419,34760039
13-03-2024,120.0288696,134.0845672,118.8213357,132.1042086,88853047
14-03-2024,135.4852905,137.6588513,112.6870542,116.792669,194522257
15-03-2024,132.2974091,140.8950591,128.9646185,135.9200107,122337843
18-03-2024,130.3653259,134.8573598,128.3366783,133.6498262,56717160
19-03-2024,130.6068726,132.7321294,128.5782243,129.9306565,46347136
20-03-2024,128.6748199,133.5049559,128.3367193,131.5729015,39345072
21-03-2024,130.6551819,132.9736413,130.2204726,132.3457295,35779582
22-03-2024,136.1615143,140.2671294,130.4136561,131.3313789,112209659
26-03-2024,140.7501526,143.648234,136.1615236,137.56226,120887716
27-03-2024,137.9969788,145.8217895,136.7894449,142.4889989,89910843
28-03-2024,137.5139771,142.7788223,136.4996455,140.0256389,50962525
01-04-2024,139.880722,141.7644719,138.9629993,140.267127,47979360
02-04-2024,141.1365509,143.1168945,139.3976994,141.0882466,59236883
03-04-2024,140.363739,142.7788067,139.5909144,140.0739279,42670072
04-04-2024,138.866394,143.2618202,138.6248873,142.0059821,38590096
05-04-2024,142.8271027,144.3244328,137.9486632,139.1078927,81853830
08-04-2024,142.4889984,147.319134,142.0059849,144.9040662,57797243
09-04-2024,142.1992035,144.2761709,140.6535688,143.5033461,38718449
10-04-2024,141.7161713,143.5033273,141.5229688,142.6821984,20413452
12-04-2024,140.363739,142.6821981,140.0739279,141.716171,27108905
15-04-2024,135.4852905,137.1758378,130.7034597,133.4083383,49605843
16-04-2024,136.8860474,137.7554807,133.4083584,135.0506016,25012121
18-04-2024,137.127533,140.5086275,136.7894323,138.5282692,24827547
19-04-2024,136.2098389,137.4173729,132.8287436,135.2438116,28016383
22-04-2024,139.2045135,140.0739321,137.5622557,138.1418778,23609150
23-04-2024,142.7305145,143.1652238,138.7215077,139.832433,41842082
24-04-2024,143.9380341,145.3387704,142.4889934,143.9380341,44593104
25-04-2024,145.1455536,146.8361008,142.2474727,143.9380199,43990323
26-04-2024,152.6805878,153.5983106,144.5176616,145.8700937,131170998
29-04-2024,155.4337311,158.621623,154.1779078,156.0133531,67507054
30-04-2024,151.9077759,156.3515069,151.2798641,156.2065939,49152158
02-05-2024,153.5016937,155.7235589,150.8934236,153.0186802,37976109
03-05-2024,151.6662445,155.0473391,149.8790886,154.3711232,31288231
06-05-2024,150.3621063,152.8254783,146.3530999,152.4390734,40457121
07-05-2024,144.7108612,149.8308077,143.455023,149.2028813,29872858
08-05-2024,147.0776215,148.5266621,141.3297633,143.9380335,25210562
09-05-2024,142.0542908,147.7055406,141.1848575,146.8361221,21064246
10-05-2024,143.0202942,144.4693346,137.6105373,142.7304832,27205055
13-05-2024,140.9433441,143.4067161,138.2384801,143.0203112,20343612
14-05-2024,151.9560852,152.6323013,142.0060019,142.0060019,65039211
15-05-2024,150.1689148,154.3711387,149.7342055,153.5017055,45470586
16-05-2024,152.2941437,154.0812994,150.3138002,151.5696235,44997396
17-05-2024,163.2585754,164.707616,151.7628592,153.0669869,189723845
21-05-2024,173.3535461,175.816918,170.0207559,170.7452761,165354884
22-05-2024,169.682663,177.4591845,167.1226969,174.8509141,93399530
23-05-2024,180.1640625,185.1390964,169.9241689,170.9868046,215698925
24-05-2024,177.7489929,184.3179804,176.541459,182.3859261,87948476
27-05-2024,178.280304,186.2500275,177.7489861,180.6470674,87126920
28-05-2024,174.1263885,181.371592,171.469814,179.6810445,79904182
29-05-2024,174.1746979,175.5754343,169.3445621,172.4358461,54953818
30-05-2024,170.6003723,175.9135208,169.8275478,174.1746692,43583688
31-05-2024,171.759613,173.7399714,166.2532618,172.9188426,56435354
03-06-2024,182.5308075,193.2054093,179.9708417,193.2054093,112293004
04-06-2024,159.3461761,182.5791322,146.0633028,182.5791322,198103673
05-06-2024,160.7951965,169.0547306,147.8987445,162.2925414,114119168
06-06-2024,167.1710052,171.8562282,162.0993626,166.1566738,70250205
07-06-2024,167.7023163,170.4554848,164.3212213,167.1226941,45402104
10-06-2024,167.1323395,173.2086581,166.1566574,170.5520836,47647958
11-06-2024,170.2139587,171.9528103,167.7602566,169.4411342,66680300
12-06-2024,171.6533661,172.8222507,170.22365,170.9385007,46384387
13-06-2024,169.1803436,172.8705598,168.6200461,172.629053,31750295
14-06-2024,168.8615265,170.6003781,167.3158774,169.7309449,28398761
18-06-2024,169.7406311,172.5324489,169.1030497,170.0207725,38754538
19-06-2024,167.3351898,170.204291,165.5093995,170.1946213,26756319
20-06-2024,166.4464722,168.2625931,165.86685,167.3062357,17539484
21-06-2024,170.329895,174.367881,165.7702462,166.543056,96727451
24-06-2024,170.8612061,174.8412477,168.4075037,170.0207672,50588329
25-06-2024,169.6439972,172.5324231,169.1320041,171.5663962,23352075
26-06-2024,169.0933838,171.2283103,168.2819245,169.7213103,22765762
27-06-2024,167.2869263,171.7596369,166.6396898,169.5377714,27461491
28-06-2024,167.9051666,169.972464,167.122687,168.2819166,23860432
01-07-2024,165.9247894,167.885823,165.6736277,167.885823,26142598
02-07-2024,166.1276703,167.3641837,164.2342508,166.6396634,19310733
03-07-2024,170.4844513,171.9528166,166.6493227,166.9294788,34748569
04-07-2024,171.6823273,174.0780702,170.5037731,171.8079155,35385014
05-07-2024,181.8352509,184.9941631,172.0494078,172.4937719,224563674
08-07-2024,195.1567841,199.0015675,186.9262297,186.9262297,260960455
09-07-2024,189.1964111,205.9956216,185.6704034,202.6724861,152536043
10-07-2024,196.7893829,198.0355514,187.216051,190.9642261,171789924
11-07-2024,198.982254,201.9962685,194.190768,200.3540107,121502241
12-07-2024,210.0432587,216.7764685,197.4559271,199.0015763,300609460
15-07-2024,208.9709778,221.2201937,207.2417811,212.9123552,167338162
16-07-2024,204.904007,213.7817983,204.140852,210.9803109,86369570
18-07-2024,198.827713,204.7977537,194.2680637,204.7977537,94398777
19-07-2024,198.7793884,204.2953946,193.8816243,194.2873538,124381385
22-07-2024,197.629837,202.0928778,194.7510802,198.7794117,72152927
23-07-2024,187.5444946,201.8996575,158.5733375,199.9676033,167582146
24-07-2024,185.7380371,193.108814,184.7430304,187.7956648,65395254
25-07-2024,177.3239136,184.8975617,176.7829408,183.5451298,73915719
26-07-2024,177.2080078,181.5164803,176.5897511,178.4735009,50538191
29-07-2024,188.6360931,190.7903292,178.3672216,179.603735,109648645
30-07-2024,188.8196716,191.5631852,186.9262519,190.1141445,58191861
31-07-2024,187.0711365,189.6794214,186.6364272,189.1867381,27603203
01-08-2024,183.3326111,189.0031851,181.3039484,188.0371581,35027956
02-08-2024,185.79599,186.8296313,178.3092801,180.1640503,41362024
05-08-2024,173.2859344,179.2946238,171.9528124,173.9138461,84910762
06-08-2024,170.3685455,180.6470736,169.1803363,175.816938,49560277
07-08-2024,176.2130127,176.7829652,171.0351067,175.5271269,46932256
08-08-2024,174.7736053,178.2319838,173.9138419,176.6863347,38021940
09-08-2024,173.6819916,176.1936677,172.9188367,175.9038567,27492189
12-08-2024,178.2899628,181.0817806,173.691679,173.8848815,64022633
13-08-2024,175.4788055,183.0138194,173.8848668,180.1640426,45899363
14-08-2024,172.9768066,177.0727668,170.6969821,176.6477125,28173960
16-08-2024,172.6966705,176.0584407,172.2909409,174.8509069,19956147
19-08-2024,174.0491028,175.6237317,173.5757442,174.9475157,17803897
20-08-2024,173.7979431,174.8509091,172.1460303,174.8509091,15629517
21-08-2024,174.3968658,175.2373047,172.6290345,172.9285006,15731941
22-08-2024,175.9582062,176.4818848,174.5132178,175.5314974,14101752
23-08-2024,177.8687286,181.6702939,174.5617497,175.5315372,31152412
26-08-2024,175.5800018,178.634826,175.2405703,178.4408715,14596223
27-08-2024,175.3860474,177.732931,174.804169,175.5800019,12765877
28-08-2024,175.4927368,177.4710966,175.0466281,175.822461,13132709
29-08-2024,174.5035553,176.2879606,173.6889374,175.8224668,12705236
30-08-2024,173.2234192,175.9679193,172.6221557,174.9205471,15512791
02-09-2024,172.1760406,174.8041709,171.264453,173.4464745,15070147
03-09-2024,173.0682526,173.7567933,171.7396339,172.6221439,10416245
04-09-2024,170.7019806,172.6221555,170.2946717,171.1674744,12223757
05-09-2024,168.2387085,171.506902,167.7732147,171.361425,15774279
06-09-2024,164.718399,168.907873,163.0212711,168.2387173,21770999
09-09-2024,163.2443237,164.863867,160.1216069,164.7086975,20754357
10-09-2024,164.6214142,166.6482663,163.7486114,163.8940736,15088916
11-09-2024,160.8683319,165.3002524,160.111899,165.3002524,11765516
12-09-2024,161.9738922,163.4576657,158.5796364,161.5471834,19024067
13-09-2024,162.1969299,165.5039083,160.9556033,162.9145779,15434229
16-09-2024,159.0063477,162.3908962,158.7347936,162.1969417,14572347
17-09-2024,155.7478638,159.3554741,155.3599399,159.045135,20564052
18-09-2024,153.7695007,159.5106408,153.2264221,156.2424618,23122350
19-09-2024,150.559494,156.1357716,147.1167458,154.6325981,39913910
20-09-2024,156.5527802,158.3662927,149.909745,151.2868414,51104236
23-09-2024,154.7392731,158.075344,153.3718693,158.075344,19794141
24-09-2024,153.9440613,155.5538972,153.2264133,155.1659881,14786775
25-09-2024,152.1984253,153.9052457,151.6456394,153.9052457,10610463
26-09-2024,152.1111603,154.719876,150.1521856,152.1596378,16974098
27-09-2024,152.0723419,154.0410089,151.4419861,152.1111417,13164782
30-09-2024,153.9246674,154.4871459,150.1231023,151.9656925,17775338
01-10-2024,150.6467743,153.9052606,150.3170501,153.9052606,17263625
03-10-2024,147.0197754,148.707196,146.437897,148.3774718,18663724
04-10-2024,147.4755707,148.8041746,142.4423719,147.0197694,29051138
07-10-2024,139.9888306,148.8138879,138.8735661,147.4755912,35658511
08-10-2024,147.233139,147.8925874,137.2346179,139.9888255,43656448
09-10-2024,148.8429565,150.9861931,148.3774628,149.9485135,23776424
10-10-2024,146.8548889,149.7351585,146.4960723,149.541204,10797567
11-10-2024,147.7956085,150.5498163,145.8560335,146.6318665,16029678
14-10-2024,146.7773132,149.4927058,146.4475743,148.86235,9810920
15-10-2024,146.5348816,147.5531465,145.5747867,147.2816072,8339050
16-10-2024,146.2051392,148.1350214,145.9529998,146.4378935,12674832
17-10-2024,144.6146851,149.8321457,144.0231142,146.8839987,20798933
18-10-2024,143.2181854,143.9164335,140.9295015,143.5285245,11316090
21-10-2024,140.3185425,144.4983238,139.6493868,143.5285364,10148561
22-10-2024,133.5203094,140.3185279,132.3856601,139.8433268,21418863
23-10-2024,135.2077637,137.0988462,129.3696391,133.8209747,26287104
24-10-2024,134.8295288,136.5945488,133.3069704,134.8004364,12496782
25-10-2024,130.3684998,135.0719741,128.7877565,134.1506791,18714548
28-10-2024,139.1450958,140.9779935,130.0290999,130.3685167,32085342
29-10-2024,139.1935883,140.7064543,136.4781805,140.3282378,17495826
30-10-2024,150.8504181,153.226394,137.9037517,139.2614628,94008988
31-10-2024,151.2480469,155.0689967,148.0962379,150.7049535,55531774
01-11-2024,153.3330994,156.1357846,151.3838319,152.4020969,10418053
04-11-2024,148.6102295,154.428954,147.1264559,154.1961997,31327165
05-11-2024,146.8645935,148.4938291,144.1200936,148.3774594,29226153
06-11-2024,149.3569489,150.2103665,147.2234196,148.3774689,18123332
07-11-2024,149.2502747,152.4699759,148.2417023,150.3170467,19226279
08-11-2024,144.0522308,148.1350428,142.5587646,147.4077021,14681163
11-11-2024,142.9466553,146.6318503,140.9295105,143.0533325,18847259
12-11-2024,141.6985626,146.5056975,141.0062496,144.3117686,13172317
13-11-2024,136.1406097,142.2641085,135.828592,141.0940159,16372099
14-11-2024,136.1796265,138.6855734,136.0236102,137.4764842,14794085
18-11-2024,134.84375,137.7787491,134.3659705,137.4667165,13930322
19-11-2024,141.562027,143.2976821,136.3453609,136.8036494,36796687
21-11-2024,138.1395264,142.0593506,137.2424549,141.5913165,20058952
22-11-2024,138.6075592,139.7191494,136.1601148,138.1395252,13970799
25-11-2024,142.6638794,146.9444778,142.0203234,145.2868456,23570160
26-11-2024,143.0344238,143.8242359,141.4352939,142.6638888,13248817
27-11-2024,146.7397308,147.9195688,142.2056019,143.0344255,22054792
28-11-2024,149.5771942,151.7711232,146.7982265,147.5100304,26332388
29-11-2024,145.6183777,149.177427,145.0918413,149.177427,18576066
02-12-2024,143.6097107,146.4667014,143.3464351,145.1015812,16680269
03-12-2024,144.5067902,145.5403721,143.8437432,144.3117772,12159196
04-12-2024,147.2857666,149.0896548,145.0040841,145.2868506,21984506
05-12-2024,147.0810089,148.2121049,145.979179,147.2857822,11514970
06-12-2024,154.0625763,155.6617062,146.7982363,147.0810028,62323577
09-12-2024,155.2326508,156.9390399,153.8187885,155.4276637,29324888
10-12-2024,152.9412384,155.9444704,151.4298621,155.6617039,16690253
11-12-2024,160.8003693,161.8534569,152.6487038,152.9412306,86849772
12-12-2024,158.6746826,162.7407623,157.3388285,160.7906033,39528508
13-12-2024,155.3496857,157.7971301,152.2001679,157.475352,27371411
16-12-2024,154.9791412,158.7429488,154.5501039,156.0127231,19179446
17-12-2024,152.7559509,156.3344907,152.1123949,154.7938634,18045496
18-12-2024,149.5284576,152.9704873,149.2359308,152.1124125,13692945
19-12-2024,149.0311432,149.6649538,144.409276,144.7993018,15016841
20-12-2024,144.7115631,150.3475219,144.3117769,148.3973627,16336702
23-12-2024,144.1069946,146.534948,143.2391745,145.2868474,14758199
24-12-2024,144.1752777,145.979181,142.9564281,144.107015,11854675
26-12-2024,143.2294312,145.7743893,141.893577,144.31177,11467576
27-12-2024,142.5761414,144.0972632,142.2641087,143.2294429,8487014
30-12-2024,149.5284576,154.0625717,141.0940105,142.4103738,40675811
31-12-2024,145.3258362,146.9347262,142.0593289,146.2521736,41308416
01-01-2025,146.6032257,149.0799214,144.6725574,145.969415,19810452
02-01-2025,148.2510834,148.6703753,146.2619277,146.8957234,14368318
03-01-2025,149.8697205,152.8924729,149.0311515,149.5771936,20331510
06-01-2025,141.7960663,150.0647367,141.1915217,150.0549913,21684925
07-01-2025,142.361618,144.0972585,141.1915255,142.556631,13305286
08-01-2025,140.1872101,142.8491734,138.4613149,142.5566466,16306841
09-01-2025,136.9596863,140.6552314,136.5599001,140.4114615,12452173
10-01-2025,132.3280487,136.9011592,131.8795056,136.2283668,21705766
13-01-2025,125.2392197,132.3865545,124.5274083,130.6606596,30293364
14-01-2025,132.1720428,133.0983655,126.487327,126.7603481,30467846
15-01-2025,134.1319275,136.9986635,131.450459,136.9986635,34455125
16-01-2025,139.4168701,142.1178446,135.7310706,136.5111372,45555802
17-01-2025,142.5468903,143.2391884,138.3637904,139.4168782,30934225
20-01-2025,143.0441742,144.9163252,141.2110347,143.7852442,32579099
21-01-2025,138.8415833,142.9466749,137.8372525,142.9466749,21897756
22-01-2025,136.7549133,139.1926123,133.3031381,138.9488424,19198201
23-01-2025,137.8469849,140.8014746,134.668231,135.5360512,17671282
24-01-2025,137.1741943,139.6118934,135.5360677,138.0712807,15843304
27-01-2025,133.6346436,135.721313,132.4255397,135.5360455,15984361
28-01-2025,134.3854675,136.6964012,131.362715,134.5609747,23224966
29-01-2025,138.1980133,138.7050588,134.9997537,135.2435236,19560159
30-01-2025,144.5360413,145.4818696,138.3150437,139.2413663,40194969
31-01-2025,147.1785126,148.767897,142.6151325,145.462363,50647026
01-02-2025,137.7007446,151.6443861,135.6823227,148.1145878,76893891
03-02-2025,133.4298859,135.7700858,130.1243667,133.9174257,36236290
04-02-2025,134.404953,136.7061412,132.7083242,136.5111283,21695745
05-02-2025,134.4927063,136.6086419,134.0734293,134.5414632,13087044
06-02-2025,132.9130859,135.2435254,132.2207878,134.49271,11527600
07-02-2025,130.1048431,132.8058174,129.6855661,132.601059,16860473
10-02-2025,127.7841873,131.148209,127.3648953,130.1731294,13464523
11-02-2025,123.1037903,128.3692138,122.3724806,128.0669415,20569801
12-02-2025,122.2262192,123.9326084,116.3172395,122.8600224,36495363
13-02-2025,123.4158249,125.5902557,122.2262266,122.4699965,15469045
14-02-2025,118.7159348,124.761425,117.9846251,124.0301153,18631299
17-02-2025,118.7451859,119.7690224,114.9423741,117.7116039,22536906
18-02-2025,116.2977295,119.1449673,114.9131184,118.7646869,17608523
19-02-2025,121.1731415,122.7040162,114.2890817,115.2544085,33285812
20-02-2025,121.6704254,122.8405253,119.3497388,120.6075923,13856925
21-02-2025,121.9922104,124.4201565,120.6563486,121.6899381,25318595
24-02-2025,120.393074,122.031208,119.4472457,121.2901454,13838044
25-02-2025,120.1883087,122.2457272,119.7495185,120.3248193,13266198
27-02-2025,117.3605728,120.9098617,116.5220038,120.4223219,18748431
28-02-2025,109.6184387,116.4537483,108.9163803,116.0247109,28927630
03-03-2025,108.3605881,112.9727176,105.3475958,110.1742366,42918659
04-03-2025,111.7343597,112.4754223,107.2587483,108.4288407,42337061
05-03-2025,114.7961121,115.3811583,111.8026183,112.2316482,21555437
06-03-2025,117.5848389,118.3551526,115.839453,116.5317586,23206624
07-03-2025,120.3443146,121.8751891,116.9120379,117.974871,31222210
10-03-2025,116.7657776,122.2944769,115.4981712,121.0073722,21456437
11-03-2025,116.3269958,117.5945948,113.6650253,115.0593894,17046285
12-03-2025,116.2294846,118.1796437,115.0788903,117.2045642,13097183
13-03-2025,114.7571182,117.0095497,114.0843109,116.4635075,11472966
17-03-2025,115.8101959,116.736526,114.6791075,115.0691408,13318439
18-03-2025,115.8101959,115.8101959,115.8101959,115.8101959,0
19-03-2025,124.9174423,125.2977228,119.2034755,119.4472454,28681078
20-03-2025,125.3172302,128.564247,124.8101847,127.2478836,28721000
21-03-2025,127.2207336,128.143052,124.6107721,125.5919593,18904126
24-03-2025,130.301651,132.0677908,128.0449177,128.2411521,25775174
25-03-2025,126.9754333,131.8519347,126.4357774,131.5772035,24206199
26-03-2025,125.974617,128.8691161,124.6598298,127.5052666,23494814
27-03-2025,122.0008011,126.7595645,121.3630355,125.091542,25596858
28-03-2025,122.0792999,126.7693732,121.6672031,123.580515,22400674
01-04-2025,122.0400543,122.8544414,120.0580596,120.4995908,17763188
02-04-2025,125.0817413,125.385907,120.195426,122.4030971,15024892
03-04-2025,126.7301331,127.0637331,122.8053845,122.8446254,16348518
04-04-2025,122.491394,126.2885983,121.7653177,125.2191005,15394108
07-04-2025,120.1169281,121.7162679,110.874147,110.874147,23552525
08-04-2025,122.0694962,124.3066016,120.8822531,124.1201737,12601581
09-04-2025,120.7448883,122.3442282,120.1954259,122.059683,9175006
11-04-2025,121.7751389,124.0220583,121.0784969,123.629582,9778310
15-04-2025,125.8568802,126.082549,122.648394,123.4235328,14463246
16-04-2025,126.6320114,127.4954609,125.6115834,126.5731426,14424393
17-04-2025,127.0441132,128.5355219,125.7489539,127.5445282,18564617
21-04-2025,128.957428,129.6148366,126.1610534,127.5543375,15830027
22-04-2025,129.8208771,130.9884922,128.0547371,129.6638835,14637811
23-04-2025,131.8323059,132.5681963,126.798811,130.4978908,27531889
24-04-2025,130.9099884,135.0702273,130.4978916,132.4602659,28862676
25-04-2025,126.3769073,131.6164431,123.8454427,130.9786775,30370205
28-04-2025,124.777565,127.1618575,123.2665359,125.5919521,27138997
29-04-2025,124.5420837,127.0637344,124.3066009,126.1708505,14094746
30-04-2025,122.1283646,124.8560636,121.1766118,124.6009529,11616287
02-05-2025,121.9517517,124.4635884,121.6672065,122.0008066,11822797
05-05-2025,122.6582031,123.5216451,121.7751332,122.5110236,10504976
06-05-2025,118.1054993,123.4333458,117.7522713,122.8936898,14448874
07-05-2025,118.9689407,119.6067139,114.4947298,114.7890814,16855633
08-05-2025,116.7024002,121.1177423,115.7800819,120.195424,10641245
09-05-2025,114.229805,115.5347857,112.1791275,113.3271146,18637874
12-05-2025,123.1684189,123.5805157,118.6058972,120.1954231,20291533
13-05-2025,122.4129105,123.7276976,120.9803781,123.3352213,14659708
14-05-2025,127.5150833,127.8290554,122.3540295,122.6483887,30886094
15-05-2025,127.7898102,129.3204596,126.9263608,128.1430381,23535264
16-05-2025,136.0023499,137.5820617,127.554328,128.3392807,85471529
19-05-2025,138.828186,140.9082982,136.9737428,137.3662117,56293569
20-05-2025,134.1381073,139.7701122,133.5886299,139.3285809,28836535
21-05-2025,135.4823151,136.689171,133.0391538,134.1380935,19235116
22-05-2025,134.2558441,136.3850185,132.6957601,134.4226441,14976845
23-05-2025,134.1381073,135.1585354,132.0579803,134.422645,15543948
26-05-2025,137.5428009,138.3473815,133.941846,134.1380954,26058857
27-05-2025,137.0227814,138.2394588,135.5019532,137.5624373,17277004
28-05-2025,137.6997986,139.0244072,137.1797706,137.5526265,15877254
29-05-2025,137.3269501,139.5640554,136.5812383,138.2492534,15888843
30-05-2025,136.3359528,138.7398583,135.2566559,137.464327,13735089
02-06-2025,139.3482056,140.6531863,135.6098849,136.1887817,26058034
03-06-2025,138.160965,141.5853136,137.8567993,140.1135329,23097654
04-06-2025,142.2230682,144.0284489,136.3850079,138.1609542,60460703
05-06-2025,142.5370483,145.2156848,141.4283022,144.6269666,33141212
06-06-2025,143.6556091,144.7250995,141.1928199,142.6646006,25330188
09-06-2025,144.195282,146.147835,144.0186605,144.4798197,22597836
10-06-2025,142.4978027,145.0292673,142.2917618,144.9213361,14830978
11-06-2025,142.7136688,144.901712,141.7521096,143.1552,15754001
12-06-2025,137.8273621,143.4397538,137.4741341,142.8019732,17973178
13-06-2025,135.7276154,137.0816584,133.4512541,133.4512541,16264194
16-06-2025,137.3073273,137.6507338,133.0097229,134.7660562,13765113
17-06-2025,135.2370148,138.0333889,134.9132212,137.3661889,8450765
18-06-2025,133.4610901,135.9434926,133.147103,135.1585398,9407593
19-06-2025,129.8601227,134.1380992,129.0849765,133.4414497,13365251
20-06-2025,131.6753082,133.5395727,129.8110587,129.860121,19220459
23-06-2025,134.4030151,134.7856775,129.5657695,129.762004,18533609
24-06-2025,136.012146,137.513361,135.4332492,135.6000492,13635905
25-06-2025,136.9442902,138.6711741,136.0906472,136.1397096,11326924
26-06-2025,137.2386322,137.6801784,135.6000516,136.9442881,11721046
27-06-2025,137.3563995,139.6229395,137.0227845,137.8567996,12347443
30-06-2025,139.053833,140.1036954,137.4643147,137.552618,11927422
01-07-2025,138.8379822,140.456935,138.0726574,139.3874446,8315552
02-07-2025,137.6703644,139.9172913,136.7774805,138.8379795,8089405
03-07-2025,137.0718384,138.8183503,136.6499351,137.6703631,6716053
04-07-2025,136.6204987,137.8273546,135.7079869,137.1208987,6596356
07-07-2025,135.9336548,137.3661945,135.6491171,136.5518075,5321322
08-07-2025,135.6000519,136.7676669,134.226396,135.9336519,6423737
09-07-2025,135.0015411,136.3850187,134.5600099,135.6000659,5698153
10-07-2025,134.5501862,136.3261323,134.1969582,135.0113453,5710273
11-07-2025,132.7349854,134.7856627,132.4602542,134.4226283,6923282
14-07-2025,131.5870056,132.8527304,131.1847153,132.7055583,8056755
15-07-2025,132.744812,134.0007454,131.2828526,131.7636248,10150376
16-07-2025,132.9017944,133.9320439,132.4798912,132.7448009,7455169
17-07-2025,132.3719635,133.5395786,131.8813699,133.4414539,6635586
18-07-2025,131.3220825,132.8821665,131.1847169,132.4504567,6410155
21-07-2025,131.8421173,132.6565045,130.213358,131.4888893,6919490
22-07-2025,128.309845,132.5878214,128.0547267,132.4995032,16445046
23-07-2025,132.3130951,134.2264071,130.5371337,131.1945423,53101661
24-07-2025,133.0980377,135.4038336,131.8225063,132.5093344,23012532
25-07-2025,129.5461426,132.9508633,128.515893,132.9508633,11164552
28-07-2025,128.457016,131.9206053,128.0841601,129.4676375,10349292
29-07-2025,129.7325745,130.262409,127.9271936,128.5355249,7163091
30-07-2025,128.9279785,131.3220774,128.2313441,129.7325591,7578162
31-07-2025,125.92556,127.7898246,124.6107728,127.6426376,11606740
01-08-2025,124.5028381,126.6418339,123.9926241,125.9255565,8796099
04-08-2025,127.2992325,127.6328325,124.9149398,125.022871,10135790
05-08-2025,125.9451828,128.1430474,125.4840236,127.2894044,5972558
06-08-2025,125.1209793,126.5437051,124.3065997,125.9451804,6331289
07-08-2025,124.8560638,125.5428918,121.7653228,124.6107671,9602587
08-08-2025,122.9231186,125.4447691,122.6483874,125.4447691,6290179
11-08-2025,124.4341507,125.0915443,122.2068592,122.9231216,11782258
12-08-2025,122.6778259,125.2975938,122.5502743,124.6107658,11311712
13-08-2025,123.286171,124.2477302,122.5502806,122.746515,6384343
14-08-2025,122.1577988,123.9729935,121.8732536,123.2861655,4332376
18-08-2025,122.4227142,124.3556541,122.157797,123.0801153,6007654
19-08-2025,124.4145355,124.5911495,121.7162708,123.050686,7350713
20-08-2025,124.3458481,125.3172212,123.4431502,124.9443653,8412432
21-08-2025,123.0801163,126.1316089,122.8151916,124.4145314,10920060
22-08-2025,122.6287766,123.8258186,122.5012174,123.0801218,4942149
25-08-2025,122.0204391,123.5805232,121.8634456,122.6974607,5148749
26-08-2025,118.9198761,122.2657278,118.8217589,121.9124998,9390576
28-08-2025,116.3491745,119.3417908,115.9763186,118.9198801,10301130
29-08-2025,115.8880157,117.3990449,115.122691,116.7612717,8881411
01-09-2025,118.2723007,118.6255287,116.0057608,116.1725608,7840427
02-09-2025,120.6762085,123.5510872,118.3409857,118.9296965,21014216
03-09-2025,121.2551117,121.8928848,120.3818557,121.3237945,7336041
04-09-2025,119.3417892,122.2166679,118.9296924,121.7555087,7730498
05-09-2025,121.1373596,121.3826564,119.4497166,119.9501241,6947411
08-09-2025,122.2264786,123.2861625,121.2452915,121.7653194,7882195
09-09-2025,122.4717789,123.452966,121.4611573,122.5502756,7614264
10-09-2025,123.8061981,124.8756885,122.6974593,122.7465142,8948090
11-09-2025,123.1684189,124.4047168,123.0408673,123.9337436,4767008
12-09-2025,123.8552551,124.1103584,122.9918057,123.6099583,5840841
15-09-2025,125.7685623,127.8977516,123.6393955,123.8258159,22257294
16-09-2025,126.533905,126.8576836,125.1013652,126.03349,6998422
17-09-2025,126.8969345,128.0449217,126.3769065,127.0146722,9413241
18-09-2025,126.8576813,128.3883458,126.1806747,127.4660275,7532604
19-09-2025,127.2501602,127.9271817,126.3867108,126.8576764,8686534
22-09-2025,126.121788,127.9860526,125.8470568,126.8184375,6577881
23-09-2025,124.8953094,126.5044482,124.6107643,125.8176203,5860471
24-09-2025,123.2272873,125.3172207,122.9525561,124.9051239,4543381
25-09-2025,121.745697,125.1013551,121.2845379,123.0899186,6416171
26-09-2025,119.6165237,121.9615603,119.2731023,121.745698,5997139
29-09-2025,121.9223175,122.2559175,120.195426,120.8135712,10555581
30-09-2025,121.1864243,123.6295781,120.2444855,123.6295781,10100674
01-10-2025,123.1782303,123.600141,121.1766077,121.1766077,8723744
03-10-2025,123.482399,124.7873797,122.6582054,123.1782334,6051511
06-10-2025,122.8838806,123.8748818,122.1970526,123.4725914,5113099
07-10-2025,124.6892624,125.0915452,122.6974537,123.1389849,9672645
08-10-2025,121.9615631,125.1307933,121.667204,125.1307933,12875915
09-10-2025,122.7170792,122.9918104,121.4807812,122.5600931,5774638
10-10-2025,124.1201706,124.8069986,122.3736587,122.7170727,7690307
13-10-2025,123.1389847,123.7276955,122.3442255,122.6974535,6065989
14-10-2025,122.1774216,124.100555,121.6672075,123.1389883,6665155
15-10-2025,122.5306473,126.0923539,121.9615644,123.0408688,17482919
16-10-2025,122.3736649,123.354852,122.0596853,123.1389896,9719465
17-10-2025,121.1962357,122.815196,120.4014764,122.3736647,10002889
20-10-2025,122.7170792,123.2076727,121.2747328,121.6377748,6729809
21-10-2025,122.8446274,123.6295801,122.6483929,123.2665382,2109920
23-10-2025,122.7563248,123.6001463,122.5502764,123.4431528,5009833
24-10-2025,122.4297943,123.5874976,122.2516855,123.4588589,6026631
27-10-2025,122.1527328,123.3401273,122.0142046,122.5782145,5375514
28-10-2025,121.4798813,122.7464369,121.3116695,122.499064,5615629
29-10-2025,123.7754974,124.082245,121.3512461,121.8360949,9132825
30-10-2025,122.6474762,124.9233098,122.2615751,123.8744512,5922925
31-10-2025,122.0142059,123.1917033,121.8064136,122.6969575,4768709
03-11-2025,121.8064117,122.3704216,121.4205106,121.954837,5128145
04-11-2025,120.955452,122.2022135,120.5200808,121.9845241,5224892
06-11-2025,118.9863663,120.9653495,118.788471,120.8169242,6360660
07-11-2025,120.0847015,120.5893444,117.1558073,118.7389924,5976333
10-11-2025,119.5008926,120.945557,119.2733138,120.5200753,4329426
11-11-2025,120.3320694,120.5695453,118.2739251,119.7284789,5425772
12-11-2025,120.3122787,121.9449414,119.9758552,120.4903875,6989819
13-11-2025,119.4811096,120.5695489,119.3722649,120.3122789,4559201
14-11-2025,119.7383804,120.708078,119.13479,119.4118464,5135998
17-11-2025,121.2127151,122.2022067,119.7680584,119.8373225,9945324
18-11-2025,119.5503693,121.4501912,119.4316276,121.2127154,4555639
19-11-2025,119.5800552,119.8670087,118.5410936,119.5503717,4336986
20-11-2025,118.8181534,120.3122803,118.7389922,119.5800586,4766481
21-11-2025,117.8385468,119.1347858,117.7494961,118.8181488,4944515
24-11-2025,115.6715698,118.1947689,115.3450358,117.8979259,8220860
25-11-2025,115.5132446,116.3048409,114.4347024,115.7903011,7566496
26-11-2025,116.8391647,117.3339105,115.4340885,115.6220868,4487936
27-11-2025,116.7204285,118.1650853,116.3642109,117.4229666,5097254
28-11-2025,116.3345261,116.8094853,115.5924074,116.6610601,4191955
01-12-2025,115.8595657,117.6406536,115.5132452,116.334525,5036657
02-12-2025,115.1966095,115.7705164,114.8799725,115.6814658,4302586
03-12-2025,113.5045776,116.3642077,113.0197289,115.8991454,9455659
04-12-2025,113.6431046,114.6820737,113.1978364,113.5045763,5895759
05-12-2025,113.3957367,113.9795407,112.5546703,113.9795407,5063577
08-12-2025,110.1897812,113.7321628,109.3388178,113.3957317,8555323
09-12-2025,112.4458237,112.6734101,108.7451272,110.2293646,9736504
10-12-2025,111.0209503,113.9201609,110.823055,112.4359236,4960130
11-12-2025,112.0995026,112.4062425,110.3579953,111.0209528,5799050
12-12-2025,112.6239319,112.9009883,111.4464345,112.0995026,5141588
15-12-2025,112.0599213,112.4161388,111.3178026,111.862026,4518917
16-12-2025,110.8329544,112.0797084,110.3283116,111.812549,4101452
17-12-2025,109.9127274,111.3178036,109.5565098,110.8230578,4984147
18-12-2025,109.6455612,111.0209539,108.5472249,109.833567,6400519
19-12-2025,112.7822571,113.2868924,109.6851435,109.9226194,8954745
22-12-2025,115.7705154,116.5621117,112.8910913,113.32647,16841326
23-12-2025,120.1242828,123.1719188,115.5825124,116.5621146,55006061
24-12-2025,120.2133331,122.5386369,119.2733191,121.2127218,27580407
26-12-2025,132.2356567,133.1756707,120.5794469,120.8565033,163985127
29-12-2025,125.0222626,135.7285614,124.4285691,133.5813665,80360842
30-12-2025,123.2807541,125.3388984,122.3605342,125.0222614,29253088
31-12-2025,123.3104401,126.160173,123.0828537,123.6369665,27013969
01-01-2026,124.4681473,124.893629,122.7068535,123.993188,16340819
02-01-2026,127.1298752,127.5949374,124.2702451,125.1212085,25385604
05-01-2026,126.2591248,127.961059,125.2201631,127.6444145,15730837
06-01-2026,125.8831177,128.3865301,124.6759368,126.6549199,14799487
07-01-2026,126.6944962,127.2783077,125.4576392,126.1601773,10932461
08-01-2026,122.964119,127.6444176,122.5089537,126.694499,13165701
09-01-2026,119.975853,123.6666598,119.3326819,122.9245412,14904914
12-01-2026,121.3413467,121.796512,117.996868,119.9758511,16531719
13-01-2026,120.0550156,122.538634,119.0160464,121.8064123,11459758
14-01-2026,120.7278671,121.9944151,119.382158,120.0550126,11544717
15-01-2026,120.7278671,120.7278671,120.7278671,120.7278671,0
16-01-2026,120.9059753,122.588108,120.3122744,121.1038706,11686581
19-01-2026,119.6295319,121.3611421,118.491615,120.9356604,19879572
20-01-2026,114.9096527,120.1737475,114.2763787,120.1737475,33802202
21-01-2026,113.9300613,115.9288386,112.7030939,114.9096559,23802894
22-01-2026,115.7902985,118.0859186,114.3951193,115.2757662,17626259
23-01-2026,112.9504623,117.0469568,112.5249807,116.3147351,15938677
27-01-2026,113.405632,114.1873313,111.4266488,113.7420555,18230496
28-01-2026,118.887413,119.6196347,113.9696387,113.9696387,23452463
29-01-2026,118.7983551,120.312276,117.0568554,119.7284796,19681289
30-01-2026,118.8379364,119.9758532,117.0073785,118.6400411,19011603
02-02-2026,113.7222672,114.5831275,110.3579943,113.7816342,26935344
03-02-2026,113.9102707,118.5311944,113.6431037,118.5311944,17141510
04-02-2026,114.7810211,115.4241921,113.3066808,114.385223,14878650
05-02-2026,113.5045776,115.2757685,113.0593094,114.7810227,10242128
06-02-2026,113.3264694,113.7618481,111.4068533,113.2967859,13107658
09-02-2026,113.8607941,114.7810215,113.4946795,113.7816329,9623210
10-02-2026,114.2466965,115.4736639,113.7024806,114.2367994,12744272
11-02-2026,113.1285782,114.5831321,112.42604,114.246701,10515387
12-02-2026,112.3369751,112.9999326,111.6146505,112.9999326,10863707
13-02-2026,110.2689438,111.664123,109.8830427,111.6146529,13084758
16-02-2026,111.990654,112.2281299,109.4080804,110.2689408,13966955
17-02-2026,111.8026505,112.2677127,111.1297959,111.8125475,8157349
18-02-2026,112.1192856,112.5546643,110.8527376,111.7927591,8573114
19-02-2026,110.2095718,112.6140367,109.5861948,112.1192909,9987523
20-02-2026,110.7043152,111.6146532,109.4080836,110.0215711,11560506
23-02-2026,110.7142105,111.317801,109.6356683,110.8230552,9897270
24-02-2026,108.2899628,110.3876801,107.9040616,110.1699908,13884700
25-02-2026,103.461235,104.8762083,103.3029203,104.8762083,56904412
26-02-2026,102.1452179,104.1835681,101.4624663,103.3029212,22825499
27-02-2026,102.461853,103.4612341,100.6609787,101.9176297,19027229
02-03-2026,98.29608917,100.2849693,96.17857781,96.4754283,27730177
04-03-2026,96.71290588,97.59355279,95.00108966,97.12849809,32963143
05-03-2026,97.81124115,98.20703929,95.98068324,97.17796714,16588277
06-03-2026,98.42472839,102.0165801,97.72219028,98.26640612,35489993
09-03-2026,96.54469299,96.92069708,94.26885934,96.08952777,16395706
10-03-2026,99.65169525,100.0573904,97.07901868,98.35546371,14800530
11-03-2026,98.20703888,100.7203484,97.95966599,99.93864914,12809686
12-03-2026,98.86999512,99.83970017,96.22805446,97.88050355,14255322
13-03-2026,97.19999695,99.68000031,97,98.69999695,11414655
16-03-2026,96.44000244,97.12999725,94.31999969,96.90000153,16510259
