Date,Close,High,Low,Open,Volume,Returns
03-01-2020,150.2637177,151.5236535,149.7332214,149.9795335,21116200,-0.01245195
06-01-2020,150.6521454,150.7184647,148.2648974,148.8048762,20813700,0.002584974
08-01-2020,151.656311,152.328914,149.6290487,150.5574174,27746500,0.015928252
09-01-2020,153.5509491,153.6741052,152.5467932,153.3141193,21385000,0.012492972
10-01-2020,152.8404694,154.621434,152.6888948,154.2425121,20725900,-0.004626997
13-01-2020,154.678299,154.7067174,152.7647099,153.2383695,21626500,0.012024496
14-01-2020,153.5888824,154.981443,153.2004781,154.7824996,23477400,-0.007043111
15-01-2020,154.5835419,155.3035137,154.005691,154.0530454,21417900,0.006476116
17-01-2020,158.2970123,158.6475157,156.7149769,158.6001469,34371700,0.024022418
21-01-2020,157.728653,159.3296248,157.6623337,157.8991635,29517200,-0.003590462
22-01-2020,156.9707947,158.6665042,156.9518442,158.5812345,24138800,-0.004804823
23-01-2020,157.9370575,158.0128448,156.5634476,157.4349795,19680800,0.006155685
24-01-2020,156.3455353,158.704365,155.7866205,158.6854146,24918100,-0.01007694
29-01-2020,159.1875153,159.8601183,156.9613238,158.9980543,34754500,0.015592749
30-01-2020,163.6777954,164.8808947,161.7926252,164.8808947,51597500,0.028207489
03-02-2020,165.1935272,165.3072009,161.4231864,161.4516048,30107000,0.024379113
04-02-2020,170.6310883,171.1236982,167.0218053,167.8080818,36433300,0.032916308
05-02-2020,170.4226837,174.4961583,169.0111876,174.3351158,39186300,-0.001221375
06-02-2020,173.9562225,174.1362155,170.5742862,171.4363501,27751400,0.02073397
12-02-2020,174.9793091,176.0592522,172.269976,175.803472,47062900,0.001463843
13-02-2020,174.0320129,176.4192469,173.2362538,173.4351972,35295800,-0.005413761
14-02-2020,175.5855865,175.6424234,173.0278136,173.5962108,23149500,0.008926942
18-02-2020,177.3665771,177.8118183,175.7277189,175.8319246,27792200,0.010143148
19-02-2020,177.8984985,178.7534086,177.1290765,178.6394245,29997500,0.002998994
20-02-2020,175.1817474,177.8699845,172.0280655,177.5850096,36862400,-0.015271355
21-02-2020,169.6438141,174.3078589,168.3709427,173.994388,48572600,-0.031612502
24-02-2020,162.3295288,165.8061902,155.0532412,159.365825,68311100,-0.043115544
25-02-2020,159.6508331,166.0816913,159.2518595,165.4737516,68073300,-0.016501592
26-02-2020,161.6456299,164.5808383,159.7838208,161.2086809,56206100,0.012494747
27-02-2020,150.2562408,158.6629213,150.0662624,155.1387754,93174900,-0.070458998
28-02-2020,153.8943787,155.5092316,144.3858178,144.7752831,97012700,0.02421289
02-03-2020,164.1343689,164.2578614,154.1793509,157.029071,71030800,0.066539079
03-03-2020,156.269104,166.2336278,154.1318145,165.093743,71677000,-0.047919671
04-03-2020,162.006546,162.1490262,157.3234997,160.0497411,49814400,0.03671514
05-03-2020,157.9409485,162.3105094,157.390001,157.7319679,47817300,-0.025095267
06-03-2020,153.4763947,154.9392442,148.1854087,154.464291,72821100,-0.028267235
09-03-2020,143.0749054,149.847743,142.485968,143.4358745,70419300,-0.067772567
10-03-2020,152.8589478,152.963438,144.9367313,150.2372111,65354400,0.068384056
11-03-2020,145.9341278,149.8002394,143.5783495,149.2588003,56371600,-0.045302025
12-03-2020,132.0940094,145.782167,131.6380583,138.0214318,93226400,-0.094838121
13-03-2020,150.8736877,153.7994022,133.6803701,140.1112427,92727400,0.142169039
17-03-2020,139.227829,140.1112352,128.2374017,132.9869351,81059800,0.082336701
18-03-2020,133.3668823,138.6863651,128.2563946,131.0871123,81593200,-0.042096086
19-03-2020,135.561142,142.6284331,132.036983,135.618134,85922700,0.016452808
24-03-2020,140.9091187,142.1060101,134.1932876,136.5490515,82516700,0.090895474
26-03-2020,148.2899323,148.8123838,140.9376493,140.9661454,64568100,0.062550834
30-03-2020,152.2035217,152.554997,142.4954757,144.8037561,63420300,0.070340582
31-03-2020,149.8097839,156.5256164,148.7173826,151.415114,77927200,-0.015727217
01-04-2020,144.4902954,149.8477681,143.2649223,145.3357117,57969900,-0.035508285
02-04-2020,147.4824524,147.6914329,142.8279171,144.2527767,49630700,0.02070836
06-04-2020,156.9911041,158.1594855,149.6863184,152.2890683,67111700,0.064473106
07-04-2020,155.3002319,161.4841185,155.081743,161.0946534,62769000,-0.010770497
08-04-2020,156.8580627,158.3209124,155.3097105,157.3710059,48318200,0.010031091
09-04-2020,156.8675842,158.985872,155.1482555,158.0264715,51385100,6.07E-05
13-04-2020,157.2190552,157.2760618,154.1698627,156.1171744,41905300,0.002240558
14-04-2020,164.9987488,165.046247,159.5842849,160.5341913,52874300,0.049483147
15-04-2020,163.2699738,164.8753185,160.7622206,162.6240296,40940800,-0.010477504
16-04-2020,168.1714172,168.3994,164.2388054,165.5686831,50479600,0.030020483
21-04-2020,159.4133148,164.9702591,157.7889683,164.8087767,56203700,-0.041357226
22-04-2020,164.8278046,165.2837557,162.2630595,162.8044988,34620200,0.033965104
24-04-2020,165.8061981,165.815692,162.1585603,163.4409255,34277600,0.018259424
27-04-2020,165.3312378,168.0384628,164.6188079,167.7439941,33194400,-0.002864551
28-04-2020,161.3036499,166.8701036,160.9046908,166.7941093,34392700,-0.024360719
29-04-2020,168.5419159,168.7793925,163.269946,164.5428173,51286600,0.044873541
30-04-2020,170.2327576,171.3631342,167.4020256,170.9831774,53875900,0.010032173
01-05-2020,165.8251953,169.6913075,165.2932355,166.9935763,39370500,-0.025891387
06-05-2020,173.3959503,174.9727988,172.5315463,172.9590014,32139300,0.020689031
07-05-2020,174.4028778,175.3052863,173.4339689,174.9443171,28316000,0.005807099
08-05-2020,175.4287567,175.7327338,174.1748874,175.7137316,30877800,0.005882236
11-05-2020,177.3855743,178.116992,173.690438,173.9753984,30892700,0.011154486
12-05-2020,173.3674469,177.6705226,173.1679746,177.4425543,32038200,-0.02265194
15-05-2020,173.9848938,177.6895237,168.1334657,170.090271,46610400,0.014568072
18-05-2020,175.6472473,176.8726206,174.7448389,176.4451654,35264500,0.009554585
19-05-2020,174.4313965,177.2526209,174.2984101,175.7612603,26799100,-0.006922117
20-05-2020,176.8508453,177.0318326,175.2124544,176.0411702,31261300,0.013870489
21-05-2020,174.7266388,177.8129131,174.5932821,176.6031677,29119500,-0.012011289
22-05-2020,174.8028259,175.707762,173.8788493,174.4980168,20826900,0.000436036
28-05-2020,172.792984,175.4125029,171.8213911,172.1643105,33810200,-0.002255202
29-05-2020,174.555191,175.5267984,171.8499463,174.0598598,42130400,0.010198371
01-06-2020,174.1551208,174.317053,172.850129,173.8788726,22622400,-0.002291941
02-06-2020,176.1364136,176.2221398,172.7453304,175.5077257,30794600,0.011376598
03-06-2020,176.5650482,177.1175301,174.8695067,176.0506765,27311000,0.002433538
04-06-2020,174.2408295,177.0222799,173.6502518,175.555356,28761800,-0.013163527
05-06-2020,178.317749,178.8226005,173.3740013,173.9550587,39893600,0.023398187
08-06-2020,179.4227448,179.603732,175.6887416,177.11757,33211600,0.006196779
11-06-2020,177.4318695,186.4715789,177.241362,183.966377,52854700,-0.05369839
12-06-2020,178.8321381,182.6232914,176.3935925,181.4992723,43373600,0.007891866
15-06-2020,179.9752197,181.7660226,175.2791297,175.8220914,32770200,0.006391925
16-06-2020,184.3855591,186.300184,182.3756731,183.7378159,42556700,0.024505259
17-06-2020,185.0237427,187.005053,184.4998361,185.7762525,25687800,0.003461137
18-06-2020,187.0050659,187.1669981,184.7951377,184.7951377,23061600,0.010708481
23-06-2020,192.3298187,194.2730188,191.8725832,192.5012711,30917400,0.006681003
24-06-2020,188.4529266,193.6062376,187.233661,192.0345323,36740600,-0.02015752
25-06-2020,190.8342896,191.0914827,186.1953653,188.4148135,27803900,0.012636381
26-06-2020,187.0145721,190.4056556,185.6333744,190.2532438,54675800,-0.020015886
29-06-2020,189.0244446,189.1101708,184.3664653,186.4906525,26701600,0.010747143
30-06-2020,193.8539124,194.7016833,188.3576961,188.4910528,34310300,0.025549435
01-07-2020,194.987442,196.5591619,192.1964709,193.5014628,32061200,0.00584734
02-07-2020,196.4734344,198.1499358,195.2732238,195.9209524,29315800,0.007620965
08-07-2020,202.7316742,203.1412646,198.7881089,200.1026355,33600000,0.010109056
09-07-2020,204.151001,206.1132562,201.4362213,206.0656257,33121700,0.007001011
10-07-2020,203.5318451,203.922395,201.0647382,203.4842146,26177600,-0.003032833
13-07-2020,197.2449951,205.5607719,196.7020334,204.303396,38135600,-0.030888778
14-07-2020,198.4642334,198.9405094,192.4440972,196.3495666,37591800,0.00618134
15-07-2020,198.1689758,201.3028811,195.3017986,199.6168594,32179400,-0.001487712
16-07-2020,194.2444305,195.9399722,192.710821,195.6542036,29940700,-0.019804035
17-07-2020,193.2537842,195.3112858,191.8344762,194.7683386,31635300,-0.005099999
20-07-2020,201.5600433,202.2268269,193.3776092,195.2731933,36884800,0.042981094
22-07-2020,201.7029114,202.2268179,198.5023357,199.2739006,49605700,0.014371307
23-07-2020,192.9298859,200.9122767,192.5583911,197.3592616,67457000,-0.043494789
24-07-2020,191.748764,193.2347432,188.138583,190.9105134,39827000,-0.006122026
27-07-2020,194.1777496,194.2920512,191.3296136,191.910671,30160900,0.012667542
28-07-2020,192.4346008,194.9874338,192.1678874,193.9491554,23251400,-0.008977078
29-07-2020,194.3778229,194.9398253,192.4250877,192.8918436,19632600,0.010098091
30-07-2020,194.2254028,194.7588443,190.1008643,191.4630071,25079600,-0.000784143
31-07-2020,195.2826996,195.3684403,189.567387,194.7016422,51044000,0.005443658
04-08-2020,203.1698456,204.5796333,200.3312442,204.0080961,49280100,-0.015008775
05-08-2020,202.8364716,204.7987268,201.5314797,204.7034658,28806400,-0.001640864
07-08-2020,202.3982697,205.4654886,200.921811,204.6558281,27820400,-0.017887655
10-08-2020,198.3690186,201.8267881,196.559175,201.6267457,36716500,-0.019907537
12-08-2020,199.264389,200.3026674,195.0350551,195.5494269,28013100,0.028566912
13-08-2020,198.7976074,201.321879,198.2737009,199.5025012,22588900,-0.002342524
17-08-2020,200.3026886,201.1695146,199.0072169,199.65496,20184800,0.006606223
18-08-2020,201.455307,202.2840229,199.2834888,200.5408503,21336200,0.005754383
20-08-2020,204.8927612,205.2937985,199.4787358,200.0802845,26981500,0.02327153
21-08-2020,203.4031525,206.4873291,203.2408289,204.2052269,36249300,-0.007270187
24-08-2020,204.042923,205.790309,202.8397966,205.0932545,25460100,0.003145332
25-08-2020,206.6974182,206.8310973,203.4795622,203.4795622,23043700,0.013009494
27-08-2020,216.3510132,220.7146923,209.4951478,212.8275965,57602200,0.024553611
28-08-2020,218.5758057,220.2277003,216.3509923,217.8787512,26292900,0.010283254
31-08-2020,215.3483887,218.3752765,214.1834647,216.7520263,28774200,-0.014765664
01-09-2020,217.0098572,217.1817241,214.2980584,215.3293034,25725500,0.007715259
03-09-2020,207.4899445,218.957745,205.2555878,218.9195572,58400300,-0.061946828
09-09-2020,201.7512512,205.1409885,197.3684715,198.2278495,45679000,0.042583588
14-09-2020,196.1367035,199.7555963,194.8189994,195.0195253,30375800,0.000194607
15-09-2020,199.3545837,200.3094385,197.5880965,199.0108354,21823900,0.016406314
16-09-2020,195.7929993,201.1401779,195.4015053,201.1115335,26328100,-0.017865576
18-09-2020,191.3433533,194.4561747,187.390255,193.6445568,55225300,-0.022726277
21-09-2020,193.3962708,193.5586089,187.5143767,188.2878067,39839700,0.010728972
22-09-2020,198.0559387,198.7052474,192.9570187,195.8024813,33517100,0.024093887
23-09-2020,191.5343475,198.7053174,190.9996311,198.5143348,30803800,-0.032928026
24-09-2020,194.0169525,196.2895116,190.2070766,190.8277409,31202500,0.01296167
25-09-2020,198.4379272,199.6028367,193.3962806,194.3606933,29437300,0.022786538
28-09-2020,199.9848022,202.9735026,198.6670979,201.3597956,32004900,0.007795259
29-09-2020,197.9031982,200.5863524,197.4735165,199.8988558,24221900,-0.010408811
30-09-2020,200.8346405,202.4101453,197.2157321,198.3520118,33829100,0.014812506
01-10-2020,202.8684235,204.3293499,201.7798898,203.8519226,27158400,0.010126654
02-10-2020,196.8815308,201.4648371,196.2608663,198.6098158,33154800,-0.02951121
05-10-2020,200.8823547,200.9109992,197.6358397,197.8650101,21331600,0.020320971
06-10-2020,196.614151,200.6913704,195.5733628,199.3927819,28554300,-0.02124728
07-10-2020,200.3571625,200.6245206,197.3875638,197.7122109,25681100,0.019037345
08-10-2020,201.073349,201.6558111,198.9153821,201.0065022,19925800,0.003574549
09-10-2020,206.0672455,206.1149911,201.694008,201.694008,26458000,0.024836193
12-10-2020,211.4048309,213.75378,207.0220512,208.9126595,40461400,0.025902154
13-10-2020,212.7989502,215.0428649,210.4786454,212.6652711,28950800,0.006594548
16-10-2020,209.7434082,212.2546664,209.4187611,210.2112777,26057900,-0.014358821
19-10-2020,204.5489807,212.2642087,204.0715533,210.4690771,27625800,-0.024765629
20-10-2020,204.9595947,207.5568012,203.4700234,206.0576866,22753500,0.002007412
22-10-2020,205.1887207,206.3058989,202.142732,204.2720538,22351500,0.000418848
23-10-2020,206.4682159,206.5159616,203.5368198,205.3223933,18879600,0.0062357
26-10-2020,200.595871,206.573256,198.7052628,204.1956772,37111600,-0.028441884
27-10-2020,203.6227722,204.9786642,200.8345981,202.0377099,36700300,0.015089549
28-10-2020,193.5299683,199.4118775,192.9761653,198.2946991,51195600,-0.049566185
29-10-2020,195.47789,197.9987063,194.1888301,194.8572402,31432600,0.01006522
30-10-2020,193.3294678,195.0672961,190.6081256,194.3129671,36953700,-0.010990615
02-11-2020,193.195755,196.0125735,191.0855197,195.0672621,30842200,-0.000691632
03-11-2020,197.110672,198.724379,193.9501049,194.6853472,27512000,0.020263991
04-11-2020,206.6210632,208.4639409,202.8302879,204.3580617,42311800,0.048248992
05-11-2020,213.2095184,214.0020497,211.1661298,212.01595,36080100,0.031886658
06-11-2020,213.6200714,214.2311778,208.1869464,212.2259773,25231900,0.001925585
09-11-2020,208.5307465,217.8214799,208.0437757,214.3076211,44395000,-0.023824189
10-11-2020,201.4839478,206.7261069,200.2521912,204.8163969,44045100,-0.033792612
11-11-2020,206.7737885,208.1965126,202.6201647,202.8015894,29440800,0.026254403
12-11-2020,205.713913,209.2182282,204.7781594,207.40401,21593900,-0.005125773
20-11-2020,201.4178467,204.1941694,201.0444789,203.1506563,22843100,-0.025722465
23-11-2020,201.1498413,203.236868,199.2830022,201.9540159,25683500,-0.001330594
24-11-2020,204.7398376,205.1132053,199.9530651,200.6519298,33979700,0.017847373
25-11-2020,204.7494354,206.1088773,203.3995765,205.9365605,21012900,4.69E-05
27-11-2020,206.0514526,207.0471097,204.9121982,205.6876678,14512200,0.006359076
30-11-2020,204.9409027,205.6014651,201.8486369,204.9696222,33064800,-0.005389673
01-12-2020,206.989624,208.0522881,204.2515896,205.3621097,30904500,0.009996644
02-12-2020,206.1854858,206.2812272,203.7250918,205.7163914,23724500,-0.00388492
03-12-2020,205.1036835,207.152422,204.5388331,205.4579,25120900,-0.005246744
04-12-2020,205.2185669,206.1950728,204.0888807,205.0845378,24666000,0.000560124
10-12-2020,201.5423126,203.9931383,201.3891324,202.739006,26733300,-0.006043308
11-12-2020,204.1654663,204.2229199,200.19245,201.0923658,30979400,0.013015399
14-12-2020,205.0653839,206.9896763,203.8016832,204.0123025,28798400,0.004407786
15-12-2020,204.9983673,206.2333484,203.1889675,205.9940098,27000600,-0.000326806
16-12-2020,209.9287109,210.723317,205.5631764,205.5918959,35023300,0.024050648
17-12-2020,210.0627594,211.4700719,208.6267274,210.4935661,32515800,0.000638543
18-12-2020,209.2681427,210.3212386,206.8077489,209.2681427,63354900,-0.003782759
21-12-2020,213.0975494,214.4474229,208.013999,208.2724889,37181900,0.018299043
22-12-2020,214.3899994,216.0079311,212.3891317,213.1933061,22612200,0.006065062
23-12-2020,211.5945282,214.0262026,211.383909,213.5953959,18699600,-0.013039187
24-12-2020,213.2507477,214.0740733,211.7668451,211.9774642,10550600,0.007827327
28-12-2020,215.3665009,216.3908627,213.5092306,214.8782407,17933500,0.009921434
29-12-2020,214.5910492,217.4918328,214.0453646,216.6589388,17403200,-0.003600614
30-12-2020,212.2263336,216.0078955,212.0252974,215.6249449,20272300,-0.011019638
31-12-2020,212.9348145,213.4900819,210.3116575,212.245518,20942100,0.003338327
05-01-2021,208.607605,209.2011749,206.5014273,207.9948985,23823000,0.0009647
06-01-2021,203.1985168,207.2577057,202.9017393,203.1219267,35930700,-0.025929487
07-01-2021,208.980957,209.9861824,204.5962852,204.9121994,27694500,0.028457098
11-01-2021,208.2150574,209.5744992,207.4874585,209.1532608,23031300,-0.009698589
12-01-2021,205.7642365,207.841709,204.2229094,207.2672903,23249300,-0.011770623
13-01-2021,207.11409,207.5161771,204.8068619,204.8930349,20087100,0.006560195
15-01-2021,203.5814667,205.362147,202.9879114,204.4143752,31746500,-0.001736983
19-01-2021,207.2098236,207.7267886,203.5623051,204.6345375,30480900,0.017822629
20-01-2021,214.772934,216.1610953,208.0235809,208.4160998,37777300,0.036499767
21-01-2021,215.3760834,216.6493669,212.934826,215.1175935,30709400,0.002808312
22-01-2021,216.31427,220.2585809,216.1706727,217.3960854,30172700,0.004356039
25-01-2021,219.7416229,219.9809616,214.6580718,219.349104,33152100,0.015844322
28-01-2021,228.7407074,232.2924991,225.0644696,225.562298,49111200,0.025890706
01-02-2021,229.4300385,232.1585051,222.5179366,225.0357841,33314200,0.033152354
03-02-2021,232.6371765,234.6380442,229.0566649,229.3534571,27158100,0.014571433
04-02-2021,231.6894073,232.8669642,230.1193462,232.3116967,25296100,-0.004074023
05-02-2021,231.8713074,232.9052522,230.1672172,231.9000268,18054800,0.000785103
09-02-2021,233.3743134,234.322085,231.0862367,231.555331,23565000,0.005361386
10-02-2021,232.4648895,235.4326805,230.6171872,234.5519159,22186700,-0.003896846
12-02-2021,234.5423126,234.8390902,232.3786818,233.5275045,16561100,0.002044969
17-02-2021,234.3244629,234.430015,231.1963037,231.5609411,21653500,-0.000928829
18-02-2021,233.9309845,234.0653222,231.1194824,232.0214706,16925600,-0.001679203
19-02-2021,231.2250824,233.9982091,230.4670221,233.892657,25262600,-0.011567096
22-02-2021,225.0263214,228.3080136,223.00165,227.8186434,36446900,-0.026808342
23-02-2021,223.8364868,225.3333975,219.4800777,221.0153791,30228700,-0.005287535
26-02-2021,222.9824677,225.8515415,220.2573072,222.1668361,37819200,0.014804173
01-03-2021,227.3580475,227.8666129,223.7213085,226.3600973,25324000,0.019622977
04-03-2021,217.5609589,223.0880319,215.1908453,217.5705638,44727800,-0.003647311
05-03-2021,222.2339783,223.8364408,217.3018432,220.2380928,41872800,0.021479127
08-03-2021,218.1942444,223.9324064,217.9447642,222.0132873,35267400,-0.018177841
09-03-2021,224.3258362,225.8611374,222.3011649,223.4622384,33080500,0.028101529
10-03-2021,223.0208282,227.4156127,222.6561909,227.4156127,29746800,-0.005817466
11-03-2021,227.5404205,229.4979161,224.8344549,225.4581775,29907600,0.020265337
12-03-2021,226.2161713,226.2833475,223.798077,224.5465323,22653700,-0.005819842
15-03-2021,225.314209,225.6788464,222.4355299,225.4581517,26034900,-0.00398717
16-03-2021,228.0969391,230.3518956,226.3985143,226.7247611,28092200,0.012350442
18-03-2021,221.3896332,224.7193068,221.0154055,223.1552197,34833000,-0.026661926
19-03-2021,221.0345917,223.0688536,220.0750319,221.6774949,46430700,-0.001603695
22-03-2021,226.4464569,227.3196449,220.8330278,220.9577753,30127000,0.024484246
23-03-2021,227.972168,231.3018409,227.4827979,227.8858111,31638400,0.006737624
24-03-2021,225.937912,228.375187,225.8035742,228.2312589,25620100,-0.008923265
25-03-2021,222.9440765,227.3580566,222.2052262,225.7843794,34061900,-0.0132507
26-03-2021,226.9166412,227.1373505,222.1860196,222.1860196,25479900,0.01781866
29-03-2021,225.7267914,227.2237019,222.5026707,227.022188,25227500,-0.005243555
01-04-2021,232.5492554,233.0194302,228.4231465,228.8261598,30338000,0.027908425
05-04-2021,238.9974976,239.8515049,232.8850934,232.9426647,36910600,0.027728501
06-04-2021,237.8364105,239.3141257,236.8960463,237.5965207,22931900,-0.004858156
07-04-2021,239.7939301,240.7822752,237.1935318,237.7884541,22719800,0.008230529
08-04-2021,243.0084534,243.8624608,241.8090039,242.5478689,23625200,0.013405357
09-04-2021,245.5033569,245.6376947,242.2312548,242.6438585,24326800,0.010266736
12-04-2021,245.5608978,247.2497321,244.3230578,244.4094292,27148700,0.000234379
13-04-2021,248.0365295,248.7082329,246.4436572,246.8562901,23837500,0.010081539
14-04-2021,245.2537994,248.3627627,244.8411959,247.0673809,23070900,-0.011219033
15-04-2021,249.0056763,249.4182798,247.3072666,247.4991609,25627500,0.015297936
16-04-2021,250.1955566,250.4450515,247.1825548,248.9769265,24878600,0.004778527
19-04-2021,248.2764282,250.9056413,247.3936498,249.6678013,23209300,-0.007670514
20-04-2021,247.8158569,249.6774048,246.4532695,247.3936484,19722900,-0.001855075
21-04-2021,250.0420685,250.1380303,246.8467474,248.4684057,24030400,0.00898333
22-04-2021,246.7699738,251.1935298,245.301834,249.6870141,25606200,-0.013086177
23-04-2021,250.588974,250.9344307,246.8658782,247.4512248,21462600,0.015475952
26-04-2021,250.9728088,251.826831,249.6486412,251.0783756,19763300,0.001531731
27-04-2021,251.3758545,252.5465185,249.6006632,251.0016122,31014200,0.001605934
28-04-2021,244.2655029,246.1654416,242.7206113,245.7240231,46903100,-0.028285738
03-05-2021,241.6746521,244.0639605,240.9645728,243.1523673,19626600,-0.002574237
04-05-2021,237.7693024,241.0510096,235.8213973,240.82071,32756100,-0.016159534
05-05-2021,236.5026855,239.4101503,235.8789776,238.9879417,21901300,-0.005327083
06-05-2021,239.6308441,239.7555916,234.7946696,236.4834894,26491100,0.013226736
07-05-2021,242.250473,244.0160595,241.0126327,241.9529972,27032900,0.010931935
10-05-2021,237.1839142,241.5499129,237.126343,240.7246911,29299900,-0.020914547
11-05-2021,236.2723694,236.6274164,232.7603922,234.6603162,33641600,-0.003843198
12-05-2021,229.3347626,234.4971983,228.4423791,232.376565,36684400,-0.029362751
13-05-2021,233.2017822,235.6678576,231.6568906,232.0215279,29624300,0.016861899
14-05-2021,238.1147003,239.1030455,235.562283,235.6486398,23901100,0.021067241
17-05-2021,235.264801,236.6177835,233.6719433,236.5794076,24970200,-0.011968599
18-05-2021,233.2497253,236.4450602,233.076997,236.3107225,20168000,-0.008565139
19-05-2021,233.826828,233.9326239,229.4796138,230.1624661,25739800,0.002474184
20-05-2021,237.0583801,238.472191,234.5385334,234.6347169,21800700,0.01382028
21-05-2021,235.7984314,238.8376446,235.3848751,238.1067008,21863100,-0.00531493
24-05-2021,241.1940308,241.5595101,238.0490211,238.3183171,21411500,0.022882253
25-05-2021,242.0980682,243.0886956,241.2324764,242.1461599,17704300,0.003748175
26-05-2021,241.8768616,243.2714327,241.1651426,241.8191427,17771600,-0.000913707
27-05-2021,239.7801666,241.867217,239.7224625,241.569069,24426200,-0.00866844
01-06-2021,237.9432068,241.6845122,237.520038,241.626808,23213300,-0.009131785
02-06-2021,237.8470459,239.7417445,236.4428474,238.6453212,19406700,-0.000404134
04-06-2021,241.203598,242.0307253,238.0489765,238.2894203,25281100,0.020674584
07-06-2021,244.1081848,244.3774807,240.2610836,240.4245837,23079200,0.012042054
08-06-2021,242.9155731,246.2240822,242.8578543,245.4065674,22455000,-0.004885587
09-06-2021,243.8965912,245.7624376,243.5311266,244.1081829,17937600,0.004038515
10-06-2021,247.4070892,247.618681,243.9735588,244.5698548,24563600,0.014393387
11-06-2021,248.0322418,248.6092835,246.8011413,248.1283959,18999700,0.002526818
14-06-2021,249.95578,250.0134842,246.9838687,248.0418274,19150500,0.007755194
16-06-2021,247.541748,250.6194116,244.6948865,249.4845237,27220000,-0.009657836
17-06-2021,250.9271698,251.7446847,246.2241038,246.281808,27565500,0.013676165
18-06-2021,249.513382,252.2736726,248.8593817,249.7057488,37202200,-0.005634256
22-06-2021,255.3609619,255.6302578,252.3698256,252.6776007,24694100,0.023435937
23-06-2021,255.1301575,256.6305248,254.3222696,255.822637,19518700,-0.000903836
24-06-2021,256.4957886,257.6114511,255.3224218,255.986049,21446900,0.005352684
28-06-2021,258.4482422,258.6213547,255.7456561,256.014952,19590000,0.013961251
29-06-2021,261.0258179,261.2662617,257.7365627,258.5925275,19937800,0.009973276
01-07-2021,261.2181702,261.4489868,259.2946196,259.3042174,16725300,0.000736909
06-07-2021,267.0465088,268.6911362,263.8149288,267.4023609,31565600,3.60E-05
08-07-2021,266.8157349,268.0756582,264.3631901,266.3155929,24618600,-0.000864171
09-07-2021,267.3158875,267.4216687,264.7960403,265.1807446,23916700,0.001874524
13-07-2021,270.2396851,272.0382005,266.7869146,266.9119208,26120100,0.013197914
14-07-2021,271.7111816,272.8172175,269.8260807,271.5572941,23113700,0.005445154
15-07-2021,270.2876587,271.7110964,269.1335168,271.2205817,22604200,-0.005239103
19-07-2021,266.4213867,269.6529377,263.9592443,268.2679789,32935600,-0.013321483
21-07-2021,270.6435852,270.7589936,266.6907025,268.2391468,24364300,0.007446639
22-07-2021,275.2023926,275.4716885,272.5863626,272.9902918,23384100,0.016844321
23-07-2021,278.5974731,278.9052189,275.5486324,276.3853723,22768100,0.012336668
26-07-2021,278.0011902,278.6167406,275.6833371,277.9531132,23176100,-0.002140303
28-07-2021,275.2793579,279.0591282,272.9807006,277.9434652,33566900,-0.009790722
29-07-2021,275.5486145,277.5875734,275.144656,275.2985435,18168300,0.000978121
30-07-2021,274.0194702,275.7025774,273.0576947,274.2695412,20944800,-0.005549454
02-08-2021,273.9328308,275.8082749,272.8940971,275.4139435,16267400,-0.00031618
03-08-2021,276.144928,276.2507385,273.1441936,274.5099275,17879000,0.008075327
04-08-2021,275.5582581,276.5969625,273.7693407,275.279335,16191300,-0.0021245
05-08-2021,278.4531555,278.5589661,275.1639006,275.9140842,13900200,0.010505573
06-08-2021,278.3954773,278.4339565,276.6258142,277.4818083,16589300,-0.000207138
09-08-2021,277.3085938,280.4055107,276.8084813,278.6743273,16117600,-0.003904099
10-08-2021,275.4909058,278.1934919,274.2983138,277.7606813,18616600,-0.006554748
11-08-2021,275.9813843,277.6260115,274.9330236,276.2314259,13955900,0.00178038
12-08-2021,278.7320862,278.8859737,275.3947249,275.6736479,14561300,0.009966984
13-08-2021,281.6559143,281.7039913,278.2415942,278.4147361,18249000,0.010489744
16-08-2021,283.3390198,283.5506115,278.9340723,281.982913,22507600,0.00597575
17-08-2021,281.8770752,282.2137024,279.9535247,281.2134773,20075300,-0.005159701
24-08-2021,291.6096191,294.5293759,291.0121816,293.9222928,18175800,-0.006663607
25-08-2021,291.0218506,293.5079684,289.4897038,293.2285114,20006100,-0.002015601
27-08-2021,288.815155,289.9233082,286.0302891,288.1117044,22605700,0.002106416
31-08-2021,290.8965759,293.4212466,290.5303969,293.3441703,26285300,-0.005632327
01-09-2021,290.8483887,294.0861558,290.5207626,291.8505582,18983800,-0.000165651
02-09-2021,290.1930847,292.3226688,289.2583756,291.2048996,16285600,-0.002253077
03-09-2021,290.1835632,291.5904355,289.3355758,290.0389972,14747900,-3.28E-05
08-09-2021,289.287323,289.6727637,286.647023,288.8729749,15046800,9.98E-05
09-09-2021,286.434967,291.1470652,286.1940629,289.8750846,19927000,-0.009859941
10-09-2021,284.9510193,289.0078658,284.6330388,287.5624411,19633400,-0.005180749
13-09-2021,286.1845398,287.6781635,283.3804114,286.7241628,23652900,0.004328886
14-09-2021,288.8825684,290.4243605,287.2540543,288.660926,21853400,0.009427583
15-09-2021,293.7296143,294.2114225,290.8387645,292.2263747,28356300,0.016778603
17-09-2021,288.9596863,293.4212356,288.6320602,293.103255,41372500,-0.017528396
20-09-2021,283.5923157,287.8515134,278.9862301,285.5484559,38278700,-0.018574808
21-09-2021,284.0741272,286.7144564,283.370706,284.93176,22364100,0.001698958
23-09-2021,288.6610107,289.9522536,286.7048701,287.9768511,18604600,0.016146784
24-09-2021,288.4586182,288.892228,286.1266532,287.3793723,14999000,-0.000701143
27-09-2021,283.4671631,285.6834699,282.2819039,285.3654893,23571700,-0.017303886
28-09-2021,273.2045288,280.2003937,272.4625547,279.256039,43186200,-0.036203962
29-09-2021,273.6670532,276.33626,272.7130824,274.7270371,26353700,0.00169296
30-09-2021,271.6628113,277.3577596,271.3737086,275.3148971,32343600,-0.007323651
01-10-2021,278.581604,279.4295914,271.0557597,271.8555486,30086300,0.02546831
05-10-2021,278.2539368,279.8342527,273.7152814,273.7152814,24993000,0.019956997
07-10-2021,284.122345,285.8472268,283.2261886,284.4403255,20430500,0.005936352
11-10-2021,283.5249634,287.1288806,282.0988,282.2626278,19298600,-0.002102551
12-10-2021,282.2239685,284.6908241,281.713253,284.5944566,17974100,-0.004588643
13-10-2021,285.5292358,286.4639451,282.8118299,284.1801785,23416300,0.011711505
14-10-2021,291.7349548,292.2360249,286.9939477,288.3237435,27262900,0.021734093
15-10-2021,293.1417847,293.3730726,289.5860372,291.3398264,25384800,0.004822288
18-10-2021,296.1097107,296.9962214,291.6770691,292.5250563,22729300,0.010124541
19-10-2021,297.015564,298.0466114,296.0423018,297.1311933,17682100,0.003059181
20-10-2021,296.2254028,298.4320932,294.9726835,297.9599011,16537100,-0.002660336
21-10-2021,299.4535217,299.7040421,295.2135849,295.9941415,16918100,0.010897509
25-10-2021,296.9191589,298.1429413,295.3099064,298.1043884,17554500,-0.003331806
26-10-2021,298.8271484,301.0338388,297.3721073,299.6847814,28107300,0.006425956
27-10-2021,311.4119873,314.2353769,304.5028434,304.5028434,52588700,0.042114108
28-10-2021,312.5490417,313.0501118,309.6678082,312.5297506,26297900,0.003651287
01-11-2021,317.3864136,319.4292762,314.4955636,319.3040013,27073200,-0.006784919
02-11-2021,321.009613,321.3179774,317.9934883,318.2922071,26487100,0.011415736
03-11-2021,321.8479004,322.7151493,318.6197793,321.7515329,21500100,0.002611409
04-11-2021,324.1991882,324.2955558,317.5213319,320.7783609,23992200,0.007305587
05-11-2021,323.8329163,326.4635995,322.2526007,326.1937881,22570100,-0.001129774
08-11-2021,324.729126,325.3651164,322.2719156,325.0278447,20897000,0.002767507
09-11-2021,323.7269592,326.3961662,322.3586109,324.8447284,21307400,-0.003086162
10-11-2021,318.7643738,322.455042,317.9164158,322.3972273,25500900,-0.01532954
11-11-2021,320.3350525,321.6262952,318.4849251,319.197992,16849800,0.004927397
12-11-2021,324.4689331,324.9603869,321.645544,321.7708188,23831000,0.012904865
15-11-2021,323.8426208,325.5867645,321.8768349,325.2591384,16723000,-0.001930269
16-11-2021,327.1575012,328.2753001,323.3030346,323.4668329,20886800,0.010236084
17-11-2021,327.3794556,330.3431774,326.2982354,327.2056943,19053400,0.000678433
19-11-2021,331.2313232,333.1524483,330.3528539,330.7776232,21963400,0.005391464
22-11-2021,328.0648499,337.5642085,327.7945448,332.6890252,31031100,-0.009559704
23-11-2021,325.9893494,327.69809,322.0119905,325.3811556,30427600,-0.006326495
24-11-2021,326.2114563,326.4528012,322.3499375,324.6378827,21661300,0.000681332
29-11-2021,324.9757385,327.2926437,323.1511569,323.3442446,28563500,0.021081221
30-11-2021,319.1448059,326.0858869,317.6001928,323.7110616,42885600,-0.017942671
01-12-2021,318.6524963,327.5340007,317.9864115,323.5276812,33337600,-0.00154259
02-12-2021,318.0829163,321.9444347,316.4514224,318.8648714,30766000,-0.001787465
03-12-2021,311.82724,321.1817697,307.0196395,320.496329,41779300,-0.01966681
06-12-2021,314.8970947,316.1134821,308.1780627,312.7346544,30032600,0.009844729
07-12-2021,323.3248901,324.1743993,318.6717542,320.1584468,31021900,0.026763649
08-12-2021,323.3731079,323.8847578,319.3474632,323.7013333,24761000,0.000149131
09-12-2021,321.5679016,324.8405226,320.6218191,322.8325463,22214200,-0.005582426
10-12-2021,330.6811218,331.1251882,323.1994303,323.3828547,38095700,0.028339956
13-12-2021,327.6498108,331.8878411,327.3408823,328.8854954,28899400,-0.009166871
14-12-2021,316.9727173,323.0546261,312.8891512,321.6837742,44438700,-0.032586906
15-12-2021,323.0642395,323.5855527,313.2656436,317.2333392,35381100,0.019217812
16-12-2021,313.6517944,325.1012107,311.8368763,324.0875445,35034800,-0.029134902
20-12-2021,308.8345642,311.6244957,306.5755797,308.969702,28326500,-0.012013344
21-12-2021,315.9591064,316.3838758,308.728393,312.0975879,24740600,0.023069122
22-12-2021,321.6645203,322.0603,314.4724299,316.9341363,24831500,0.018057444
23-12-2021,323.1028137,324.7439704,321.2106785,321.2299754,19617800,0.004471408
27-12-2021,330.5942383,330.6231985,323.817255,323.8462152,19947000,0.023185885
28-12-2021,329.43573,331.907099,328.5379342,331.269945,15661500,-0.003504321
30-12-2021,327.5725403,331.2506334,327.0898506,330.0728694,15994500,-0.007691436
31-12-2021,324.6764832,327.611216,324.2227536,326.7906669,18000800,-0.008840964
03-01-2022,323.1607666,326.2982498,318.3628296,323.7400002,28865100,-0.00466839
04-01-2022,317.6195068,323.5952081,314.829546,323.2379929,32674300,-0.017147068
06-01-2022,303.0133057,307.6664417,300.7060346,302.3085681,39646100,-0.007901703
07-01-2022,303.1677856,305.542611,299.3545248,303.2739632,32720000,0.000509813
10-01-2022,303.3898315,303.8242641,294.1415081,298.7753183,44289500,0.000732419
12-01-2022,307.2513428,312.2134079,306.1025387,308.6028977,34372200,0.010445067
13-01-2022,294.2476501,309.7709685,293.4753584,309.3751594,45366000,-0.042322655
18-01-2022,292.1720886,299.0745459,291.2935898,293.5429404,42333200,-0.024339203
21-01-2022,285.7812805,293.5815336,285.3758082,292.2107113,57984400,-0.01846818
24-01-2022,286.1095276,286.823899,266.4930084,282.0839114,85731500,0.001148595
25-01-2022,278.5022888,284.7772548,275.2972517,281.4273872,72848600,-0.026588555
26-01-2022,286.4376831,297.8195133,282.8850944,297.3271604,90428900,0.028493103
27-01-2022,289.4594116,296.6611351,287.6155331,292.1817891,53481300,0.01054934
31-01-2022,300.2137451,301.5652706,295.76333,298.2540258,46444500,0.008823795
02-02-2022,302.6077881,304.2103213,298.1863638,298.9103983,36636000,0.015221901
04-02-2022,295.3482361,298.1092076,289.5849187,289.8166004,35096500,0.015568743
07-02-2022,290.5309448,297.1823936,289.5172788,295.5702265,28533300,-0.016310547
11-02-2022,284.8255615,293.7553214,284.0339433,292.6933982,39175600,-0.02427396
15-02-2022,290.0675964,290.3861587,286.7370252,289.6235301,27058300,0.018542421
17-02-2022,281.2451477,287.1170958,280.5389528,286.6914481,32461600,-0.02928204
18-02-2022,278.5364075,284.2729368,276.969264,283.4893651,34264000,-0.009631243
24-02-2022,284.979187,285.5305982,262.6618239,263.6195458,56989700,0.051093686
25-02-2022,287.6104736,287.9200409,282.1351235,285.5112848,32546700,0.009233259
28-02-2022,289.0421448,289.3807321,283.4410322,284.7082917,34627500,0.004977813
02-03-2022,290.3965149,291.6347546,284.118256,285.7240737,31873000,0.017765659
03-03-2022,286.2657776,293.2405468,284.4567606,293.0083862,27314500,-0.014224473
04-03-2022,280.4034729,286.014269,277.8012597,284.6889692,32356500,-0.020478538
07-03-2022,269.8106995,280.239006,269.4430921,279.1168469,43157200,-0.037776898
08-03-2022,266.8505554,274.6959571,261.1914025,268.7369201,48159500,-0.010971188
09-03-2022,279.0878906,280.1520098,271.619749,274.1929719,35204500,0.045858384
10-03-2022,276.2728271,277.2498861,271.4262654,273.7866645,30628000,-0.010086656
11-03-2022,270.9328918,280.0649199,270.3137573,278.56547,27209300,-0.019328485
14-03-2022,267.4212646,276.0889402,266.8214966,271.1940229,30660700,-0.012961244
16-03-2022,284.7857666,284.9598872,273.9608294,279.6779942,37826300,0.025213354
17-03-2022,285.5886841,285.9659453,279.9295298,283.7216559,30816600,0.002819374
18-03-2022,290.6286316,291.1800427,283.1798575,285.7337136,43390600,0.017647574
21-03-2022,289.400116,290.3481548,285.2790861,289.1389352,28351200,-0.004227098
22-03-2022,294.1402588,295.0495943,289.022833,290.0192288,27599700,0.016379202
23-03-2022,289.7193604,293.3373658,288.0071159,290.7061025,25715400,-0.015029899
24-03-2022,294.1789551,294.2756986,288.5875247,289.3807799,24484500,0.015392809
25-03-2022,293.7726135,295.5332442,289.52585,295.2720634,22566500,-0.001381273
28-03-2022,300.5635986,300.6603126,294.4013915,294.4013915,29578200,0.023116468
29-03-2022,305.1199341,305.5165616,298.9674101,303.6688707,30393400,0.015159306
30-03-2022,303.6205139,305.642355,301.4148986,303.5238,28163600,-0.004914199
01-04-2022,299.3253479,300.0121763,295.5719261,299.2769614,27110500,-0.014146495
04-04-2022,304.6942444,304.8296616,299.6058401,299.9734475,24289600,0.017936658
05-04-2022,300.7377625,304.597582,299.7607035,303.049775,23156700,-0.012985089
06-04-2022,289.7290039,296.9843212,287.0300176,295.2333737,40110400,-0.03660584
07-04-2022,291.5379944,293.7436097,286.6817793,286.9816633,31411200,0.006243733
08-04-2022,287.2814636,291.2960655,286.6139723,290.6382573,24361900,-0.014600261
11-04-2022,275.9535522,283.0637388,275.7020252,282.2705133,34569300,-0.039431404
12-04-2022,272.8579407,281.2547532,271.339154,279.8036899,30966700,-0.011217872
13-04-2022,278.2366028,279.1652752,272.1227811,273.5061508,21907200,0.019712317
18-04-2022,271.3682556,273.2449671,269.2593834,269.8107947,20778000,0.002465976
19-04-2022,275.9922485,276.8338901,269.327046,270.2654015,22297700,0.01703955
20-04-2022,277.0176697,280.2487302,276.0599773,279.9584998,22906700,0.003715398
21-04-2022,271.6487427,283.7312546,270.923211,279.1652405,29454600,-0.019381172
22-04-2022,265.0899353,273.9607826,264.4611471,272.4903528,29405800,-0.024144442
25-04-2022,271.5617065,271.9389677,261.9363066,264.3741122,35678900,0.024413493
27-04-2022,273.9801025,281.477263,270.0525602,272.8966467,63477700,0.048108764
28-04-2022,280.1809998,281.4869627,272.2775281,275.8858497,33646600,0.022632655
29-04-2022,268.4660339,280.4228103,267.4793216,279.1942245,37073900,-0.041812135
03-05-2022,272.5870972,274.8604357,271.0102702,274.6959689,25978600,-0.009456158
04-05-2022,280.5195923,281.3902244,267.7018653,273.3706723,33599300,0.029100773
05-05-2022,268.3016052,277.0079849,265.3897955,276.2244131,43260400,-0.043554844
06-05-2022,265.7670593,270.1395856,262.4199191,265.8444364,37780300,-0.00944663
09-05-2022,255.9481812,263.4743609,254.7293082,261.2494092,47726000,-0.03694543
10-05-2022,260.7077637,264.8191106,256.4222962,262.8263189,39336400,0.018595883
12-05-2022,247.0193329,251.4015426,241.8632198,249.2829879,51033800,-0.052504884
13-05-2022,252.60112,254.4584942,247.0193732,248.9541245,34925100,0.02259656
16-05-2022,252.9687195,257.1477892,247.4353299,251.4789528,32550900,0.001455257
17-05-2022,258.1151733,259.5758905,253.8974002,257.4283154,28828800,0.02034423
18-05-2022,246.3632507,255.5941197,245.0930396,255.0123366,31356000,-0.045529763
23-05-2022,252.7337189,253.5579092,245.7329984,247.7304459,33175400,0.032032006
24-05-2022,251.7349854,253.3930421,245.8008627,250.0575467,29043900,-0.003951722
25-05-2022,254.5469666,256.5443997,249.3206822,250.3000169,28547900,0.011170403
26-05-2022,257.8242798,258.9975223,253.4900381,254.3045227,25002100,0.012875083
27-05-2022,264.9413147,265.0382835,259.4338312,260.3259026,26910800,0.027604207
01-06-2022,264.1463013,269.2562346,261.8385799,266.8418683,25292200,0.002023369
02-06-2022,266.2406006,266.3084817,253.6548406,256.418288,44008200,0.007928558
03-06-2022,261.8191528,265.145002,260.2580647,262.1003535,28059000,-0.016606963
06-06-2022,260.587738,265.8528153,259.1042072,263.797207,22400300,-0.004703303
09-06-2022,256.7479553,264.427397,256.5928112,259.6471353,26439700,-0.020783474
10-06-2022,245.3063812,252.665845,244.8603455,252.665845,31422800,-0.044563448
13-06-2022,234.9022522,241.4569519,234.1944274,237.6657,46135800,-0.042412794
14-06-2022,237.0645447,238.2765806,234.1750403,236.4536738,28651500,0.009205073
15-06-2022,244.1137543,247.5462487,238.9359398,240.7685377,33111700,0.029735402
16-06-2022,237.5299377,239.905525,235.6391648,238.5092574,33169200,-0.026970281
17-06-2022,240.12854,242.8919877,236.6184889,237.2681384,43084800,0.010940104
21-06-2022,246.0335846,247.0129042,241.9320447,242.6592662,29928300,0.024591182
23-06-2022,250.9980621,251.4925822,245.9269232,247.8080051,25861400,0.022636451
24-06-2022,259.5696716,259.8411665,253.7712801,253.8585431,33923200,0.034150102
27-06-2022,256.8449402,260.1513478,255.2838227,260.0640847,24615100,-0.01049711
29-06-2022,252.3556213,254.0136784,247.9922766,249.7666992,20069800,-0.017478712
30-06-2022,249.0297546,251.6477643,245.2191205,249.2430742,31730900,-0.013179285
01-07-2022,251.6962128,251.8804446,246.8771716,248.6031243,22837700,0.010707388
06-07-2022,258.1248474,259.8507853,254.4305644,255.7395691,23824400,0.012782825
07-07-2022,260.248291,260.8882494,256.9709419,257.0679106,20859900,0.008226421
12-07-2022,245.9657288,257.8630779,244.3852291,257.8049026,35868500,-0.04098154
13-07-2022,245.0445709,245.8493645,240.5745819,242.5914114,29497400,-0.003745066
14-07-2022,246.3632507,247.3910547,238.4704741,242.9598595,25102800,0.005381388
18-07-2022,246.5281219,252.9179722,245.6069775,251.8610803,20975000,-0.009621461
19-07-2022,251.6477966,251.8320285,245.9754614,249.7570084,25012600,0.020767102
21-07-2022,256.7965088,256.845008,249.2237096,251.8998948,22404700,0.009799354
26-07-2022,244.2494812,251.9871294,241.9902592,251.9677179,39348000,-0.026774334
27-07-2022,260.5779724,261.8481835,250.9883612,253.2282009,45994000,0.066851693
28-07-2022,268.0151062,269.4016683,259.7344678,261.5573747,33459300,0.028540915
29-07-2022,272.213562,273.4353037,268.2284021,269.265912,32152800,0.015664997
01-08-2022,269.5664673,272.7371423,267.4623601,269.3822355,21539600,-0.009724331
02-08-2022,266.4734192,269.450187,264.1075223,267.6175742,22754200,-0.011474157
03-08-2022,273.8909912,274.8897075,268.2089522,268.3544202,23518900,0.027836067
04-08-2022,275.0351868,275.1806252,271.6608977,273.2413677,18098700,0.004177558
05-08-2022,274.317688,275.0352038,270.2161475,270.6718742,16774600,-0.002608753
08-08-2022,271.8062439,277.2361689,270.8366155,275.4229389,18739200,-0.009155239
09-08-2022,273.7261047,274.4824138,269.1785449,271.1469191,23405200,0.007063343
10-08-2022,280.3778992,281.008152,278.2253218,279.417976,24687800,0.024300914
11-08-2022,278.3028259,282.3655727,277.8083354,282.0165205,20065900,-0.007400987
12-08-2022,283.044342,283.044342,278.2252858,279.7185224,22619700,0.017037255
15-08-2022,284.5568848,285.2453127,281.2989175,282.1619011,18085700,0.005343837
17-08-2022,283.0718079,285.0443309,281.2741813,281.5365261,18253400,-0.002636176
22-08-2022,269.8860474,274.4626845,269.3710545,274.0934388,25061100,-0.029355021
23-08-2022,268.6130676,270.9645328,267.6025052,268.6130676,17527400,-0.00471673
25-08-2022,270.954895,271.1200652,266.7474742,269.477912,16583400,0.011095269
26-08-2022,260.4996033,272.4027708,260.3927319,271.1784355,27549300,-0.038586835
30-08-2022,255.5245056,259.4889751,253.2799112,259.119759,22767100,-0.008520914
31-08-2022,254.0670013,259.5473006,253.9309509,257.8760274,24791800,-0.005703971
01-09-2022,253.0272064,253.5033531,248.1784994,251.540527,23263400,-0.004092601
06-09-2022,246.0796814,250.5299939,244.8067741,248.9461693,21328200,-0.027457621
07-09-2022,250.7826538,251.5016926,246.0505436,247.488636,24126700,0.019111584
08-09-2022,251.2004547,253.05638,247.5760672,250.2190712,20319900,0.001665988
12-09-2022,259.1003113,259.8776786,257.6525073,258.2549484,18747700,0.008280892
13-09-2022,244.8553772,253.0272524,244.4666936,251.5114233,33353300,-0.054978452
14-09-2022,245.0788727,247.031958,242.785691,246.3517802,23913000,0.000912765
16-09-2022,237.8106384,238.3547807,235.20651,237.3442181,39791800,-0.002608168
19-09-2022,237.5968781,238.1993192,234.030789,235.604917,26826900,-0.000898868
20-09-2022,235.5854797,236.6154655,232.855042,235.2162488,26660300,-0.008465592
21-09-2022,232.1845703,240.6479693,232.135983,237.3539515,28625600,-0.014435989
22-09-2022,234.1570892,236.9555521,230.8436484,231.1351426,31061200,0.008495478
23-09-2022,231.1837463,234.3028678,228.5407568,232.7578744,34176000,-0.012698069
26-09-2022,230.7270508,234.6137984,230.19262,230.338382,27694200,-0.001975466
27-09-2022,229.716507,234.9538988,227.8605814,233.1854215,27018700,-0.004379824
29-09-2022,230.7756348,233.1562647,227.7731259,232.1262789,27484200,-0.014809087
30-09-2022,226.3058624,233.7295494,226.1406774,231.543254,35694800,-0.019368476
03-10-2022,233.9239044,234.7692673,228.0160464,228.7448116,28880400,0.033662592
04-10-2022,241.8334808,243.2715735,238.0438924,238.1507786,34888400,0.033812604
06-10-2022,239.802597,243.2520884,239.1127077,240.9103195,20239900,-0.00839786
07-10-2022,227.6079559,234.4875013,226.5682438,234.0793797,37769600,-0.050852832
10-10-2022,222.759201,227.9188556,220.3105461,226.4516139,29743600,-0.021303099
12-10-2022,219.3583527,221.4086129,217.6190394,219.0182563,21903900,-0.015266927
13-10-2022,227.6079559,229.4152942,212.9257656,213.6253814,42551800,0.037607883
14-10-2022,222.0887451,230.5229947,221.8749728,228.8711152,30198600,-0.024248761
18-10-2022,231.7473145,237.0235669,228.7059299,236.3531155,26329600,0.004083691
19-10-2022,229.7844849,232.8258692,227.6564884,230.3286271,19985700,-0.008469697
20-10-2022,229.4638367,234.4777442,228.2200787,229.0946058,21811000,-0.00139543
21-10-2022,235.2648163,236.1199055,227.8605672,228.0937774,26299700,0.025280583
24-10-2022,240.2496033,240.822895,234.4680688,236.8584104,24911200,0.021187983
26-10-2022,224.7705994,231.5529691,223.5462645,224.6248374,82543200,-0.064428843
31-10-2022,225.557663,228.2686626,224.6053992,227.1415024,28357300,-0.015856261
01-11-2022,221.7097931,229.0654699,220.8935797,227.9577474,30592300,-0.017059362
04-11-2022,215.1217499,215.3160843,207.3871161,211.390476,36789100,0.033325513
07-11-2022,221.4183044,221.9430237,215.0148909,215.7047952,33498000,0.029269725
09-11-2022,218.1533966,222.1567563,217.9785001,220.9324214,27852900,-0.014745429
10-11-2022,236.1004791,236.4405755,228.3464218,228.7642401,46268000,0.082268178
11-11-2022,240.1135406,240.9686298,235.080195,236.1101955,34620200,0.016997261
15-11-2022,235.1190643,240.0066479,233.2339895,238.7045911,31390100,-0.020800478
17-11-2022,235.4990692,237.0289239,231.5526591,231.698817,23123500,0.001616223
22-11-2022,238.7634277,239.0362656,234.5539182,237.3602529,19665700,0.012311663
23-11-2022,241.2482147,241.9303094,238.0228694,238.8413831,19508500,0.010406899
25-11-2022,241.1605225,242.3395687,240.4199497,240.9851182,9200800,-0.000363494
28-11-2022,235.5770416,240.3419805,234.6416017,239.7865658,24778200,-0.023152549
29-11-2022,234.1836548,236.5807329,232.1178777,235.2262822,17956300,-0.005914782
30-11-2022,248.6148376,248.7999808,233.7256222,234.4174706,47594200,0.061623357
01-12-2022,248.1763611,249.569782,244.5027738,247.3773253,26041500,-0.001763678
02-12-2022,248.4979095,249.5113052,243.3042216,243.4309017,21528500,0.001295645
05-12-2022,243.801178,247.3286073,241.7159087,245.5648852,23435300,-0.018900487
06-12-2022,238.8510895,245.4187204,237.5453633,244.4053248,22463700,-0.020303792
07-12-2022,238.1203003,239.8645299,236.015553,238.5685425,20481500,-0.003059602
08-12-2022,241.0728149,242.3785562,236.8438127,238.5782885,22611800,0.012399256
09-12-2022,239.1434326,241.9595209,237.9156622,238.4418453,20609700,-0.008003318
13-12-2022,250.3493347,257.1703111,246.5977918,254.9973322,42196900,0.017464762
14-12-2022,250.6416931,255.8743526,247.8061117,250.5539984,35410900,0.001167802
15-12-2022,242.6416168,247.6988861,241.0143285,247.2311661,35560400,-0.031918378
19-12-2022,234.3005066,238.9387795,232.6050165,238.5977247,29696400,-0.017328421
21-12-2022,238.1787567,239.3383251,233.9692474,235.508841,23690600,0.010876717
27-12-2022,230.8998108,232.8194148,229.7987055,232.5953012,16688600,-0.007414228
28-12-2022,228.5319214,233.5891901,228.1811278,230.8315653,17457100,-0.010255051
29-12-2022,234.8462067,235.7329371,229.6232871,229.6232871,19770700,0.027629774
03-01-2023,233.4528198,239.4650223,231.3285649,236.8633084,25740000,-0.001000725
05-01-2023,216.6244812,221.730475,216.0885443,221.3894202,39585600,-0.029637782
09-01-2023,221.3114624,225.3261046,220.6196288,220.6585993,27369800,0.009736415
10-01-2023,222.9972229,225.3943007,221.5160924,221.9350881,27033900,0.00761714
11-01-2023,229.7402344,229.9156238,225.1994094,225.3747988,28669300,0.030238096
17-01-2023,234.2031403,234.7488161,231.0265041,231.8840032,29831300,0.004681876
23-01-2023,236.3760681,238.8998258,233.5209945,234.933923,31934000,0.009824299
25-01-2023,234.4564667,237.0776731,224.9947907,228.483235,66526600,-0.008120964
26-01-2023,241.6574249,241.9594943,235.8108743,237.4186698,33454500,0.030713413
27-01-2023,241.8133698,243.4406581,240.5173824,242.6221445,26498900,0.000645314
31-01-2023,241.4723206,241.6087395,236.7366132,237.2238258,26541100,0.021012688
01-02-2023,246.2859802,248.6538264,239.1921656,241.6574603,31259900,0.019934623
02-02-2023,257.8328857,257.9205804,250.6708554,252.2007099,39940400,0.046884137
03-02-2023,251.7427979,257.4431922,250.5247662,252.9023664,29077300,-0.023620291
06-02-2023,250.203125,251.6939942,248.2640285,250.8560029,22518000,-0.006116055
07-02-2023,260.7171936,261.8962397,253.4284827,253.8669859,50841400,0.042022131
08-02-2023,259.9083862,269.6818676,259.4016662,266.2129171,54686000,-0.00310224
09-02-2023,256.8779907,266.9730522,256.0789548,266.7976331,42375100,-0.011659476
10-02-2023,256.3713074,257.3359789,253.9937072,254.8414525,25818500,-0.001972467
13-02-2023,264.3809814,267.5770941,260.3176164,260.7951048,44630900,0.031242475
15-02-2023,263.0895386,264.4669231,260.0221653,262.1126726,28922400,-0.00488478
16-02-2023,256.0854187,260.5692301,255.8412022,257.9121534,29603600,-0.026622571
17-02-2023,252.0899963,254.0730328,250.0776551,253.3892446,30000100,-0.015601913
21-02-2023,246.824707,249.579476,245.7696901,248.5928319,28397400,-0.020886546
22-02-2023,245.6915283,248.4560605,244.548597,248.211844,22491100,-0.004591026
24-02-2023,243.4544983,245.1933182,242.3604134,244.1773844,24990900,-0.021784455
28-02-2023,243.6499176,245.6720374,242.9758777,243.3080234,22491000,-0.002958062
01-03-2023,240.5727692,245.1249529,240.1038628,244.9588875,27565300,-0.012629384
02-03-2023,245.3007965,245.5840811,239.9280341,240.8462904,24808200,0.019653211
03-03-2023,249.3840637,249.7064312,245.5742931,246.3557887,30760100,0.01664596
06-03-2023,250.927536,254.1023501,250.058126,250.4977126,24109800,0.006189138
07-03-2023,248.2704468,251.7285602,247.5280341,250.3707024,21473200,-0.01058907
08-03-2023,247.8308716,248.6514353,245.0077298,248.1630024,17340200,-0.00177055
09-03-2023,246.4828339,253.5553341,245.7599477,249.9018648,26653400,-0.005439345
10-03-2023,242.8390808,246.9419144,241.8719931,245.2714822,28333900,-0.014782989
13-03-2023,248.0457916,251.943492,240.0452574,241.6766217,33339700,0.021440992
15-03-2023,259.2992554,260.3152041,253.2133708,253.9655766,46028000,0.017830351
16-03-2023,269.8102722,270.1619295,257.1891564,259.0744997,54768800,0.04053624
17-03-2023,272.9656067,276.7753774,269.9275683,271.8226904,69527400,0.011694642
21-03-2023,267.4463196,268.6380971,263.2848617,268.5208779,34558700,-0.020219716
22-03-2023,265.9908447,274.538422,265.883374,267.0751516,34873300,-0.00544212
24-03-2023,274.0792847,274.1378942,268.9116555,270.8263044,28172000,0.030408716
27-03-2023,269.9861755,274.9486407,269.1460554,274.0108579,26840200,-0.014934033
28-03-2023,268.862793,269.7517445,265.756337,269.4098354,21878600,-0.004160889
29-03-2023,274.0206909,274.6361213,271.9692664,272.5065307,25087000,0.019184127
31-03-2023,281.6304626,282.5780239,276.4530846,277.1662076,32766000,0.014962125
03-04-2023,280.5852051,281.6011242,277.3810861,279.8916088,24883300,-0.003711451
04-04-2023,280.5363159,283.7306862,279.0612688,280.5851771,25824300,-0.00017424
06-04-2023,284.8540955,285.322972,275.5054819,276.6581764,29770300,0.015391161
10-04-2023,282.695282,282.9004155,278.1235262,282.5194234,23103000,-0.007578664
11-04-2023,276.2869568,279.3641081,275.1245138,279.1394182,27276600,-0.022668667
12-04-2023,276.9316711,280.3702578,275.4370677,278.2016145,27403400,0.002333495
13-04-2023,283.1347961,283.1934057,276.6191176,277.0293845,24222700,0.022399478
17-04-2023,282.1188965,284.8541392,279.5399857,283.2227599,23836200,0.009296429
18-04-2023,281.698761,285.0103501,280.3702379,284.8247432,20161800,-0.001489214
20-04-2023,279.4910583,282.3435196,278.4848878,278.6509681,23244400,-0.00811262
21-04-2023,279.1492004,279.6473818,276.5116507,278.416551,21676400,-0.001223144
24-04-2023,275.2514343,278.3578899,272.2720059,275.5640385,26611000,-0.013963021
26-04-2023,288.5368958,292.6397447,285.9579851,289.8361442,64599200,0.07243466
27-04-2023,297.7780457,298.1395111,288.4196826,289.1230273,46462600,0.032027619
01-05-2023,298.4911499,301.4608307,298.0906313,299.8685344,21294100,-0.005532783
04-05-2023,298.344635,300.640276,296.3811249,299.1554206,22519900,0
12-05-2023,301.8221741,303.4633012,299.5070073,303.3656086,19774700,-0.003676384
15-05-2023,302.3008728,302.7306961,300.4741386,301.9492154,16336500,0.001586029
16-05-2023,304.5281677,306.4525948,302.6623503,302.6623503,26730300,0.007367808
17-05-2023,307.4064636,307.8274271,304.2149092,305.7323795,24315000,0.009451657
18-05-2023,311.8314819,312.3405817,307.1322877,307.9252763,27276000,0.014394682
19-05-2023,311.655304,312.0566981,309.72667,310.0888957,27546700,-0.000564978
22-05-2023,314.4356384,315.8160339,311.332221,311.9098282,24115700,0.008921185
23-05-2023,308.6400146,315.9433573,308.6302151,313.3098409,30797200,-0.018431829
24-05-2023,307.2595825,309.8539301,306.0456005,308.1211085,23384900,-0.004472629
25-05-2023,319.0761719,320.0355742,313.28047,316.4524252,43301700,0.038458001
26-05-2023,325.8997803,326.3990507,317.0789684,317.216013,36630600,0.021385515
30-05-2023,324.2550354,328.6899104,323.5795221,328.19064,29503100,-0.005046781
31-05-2023,321.4942627,328.8857108,320.4564938,325.3123619,45950600,-0.008514201
01-06-2023,325.5962524,326.5263157,317.9013163,319.0858995,26773900,0.012759138
02-06-2023,328.3570557,330.4129645,325.5668958,327.2312101,25873800,0.008479223
05-06-2023,328.8857117,331.4506904,327.6325912,328.1808295,21307100,0.001610003
06-06-2023,326.6731262,328.3276407,325.1948547,328.2884723,20396200,-0.006727521
07-06-2023,316.5894775,327.4661688,315.7279515,324.6858084,40717100,-0.030867702
09-06-2023,319.9279175,323.0607044,317.5978891,318.1656968,22529000,0.004704095
12-06-2023,324.8816223,325.1263727,318.3321005,321.6802686,24260300,0.015483815
13-06-2023,327.2703857,329.9039019,323.4522863,327.4465988,22951300,0.007352719
14-06-2023,330.2563171,331.9206314,325.8214421,327.319313,26003800,0.009123745
20-06-2023,330.9513855,334.8967596,328.8073702,332.1849367,26375400,-0.012502553
21-06-2023,326.5556946,330.6381434,325.0969921,329.306686,25117800,-0.013281984
22-06-2023,332.5765076,332.9779017,326.3402744,327.1038941,23556800,0.018437324
27-06-2023,327.5444946,329.0913036,322.3851383,324.8913794,24354100,0.018167975
28-06-2023,328.7976379,330.8829158,326.8004666,327.6326238,20259500,0.003825872
29-06-2023,328.0144043,329.0521434,325.6354381,327.6815474,16997000,-0.002382115
30-06-2023,333.3891602,335.5331757,330.1192989,330.6577378,26832800,0.016385731
03-07-2023,330.8926392,333.7415365,329.502474,332.0674527,12508700,-0.007488309
05-07-2023,331.0493774,334.475883,327.7012088,328.053635,18172400,0.000473683
06-07-2023,334.1037598,335.7876432,328.4549331,330.2171234,28161200,0.009226365
07-07-2023,330.1388245,334.6128676,329.923443,332.1947332,21214800,-0.011867377
12-07-2023,330.1192322,334.4757698,328.6213615,329.5318255,29995300,0.014226753
18-07-2023,351.9411926,359.078121,334.9849116,338.5680303,64738600,0.041275653
19-07-2023,347.6238098,354.848845,345.0392616,354.1537624,39732900,-0.012267342
20-07-2023,339.5861816,350.4531022,338.1176797,346.1455024,33778400,-0.023121627
21-07-2023,336.551239,342.9441158,332.6939718,341.8182704,69405400,-0.008937179
24-07-2023,337.8631287,339.6351485,335.1219369,338.5876099,26678100,0.003898038
26-07-2023,330.6772461,337.4323787,326.1150966,334.2701939,58383700,-0.037637759
27-07-2023,323.7752991,334.1624881,322.1403538,333.330361,39635300,-0.020872156
28-07-2023,331.2647095,332.8702862,326.17392,326.6634207,28484900,0.023131506
31-07-2023,328.8661804,330.6088018,326.3599092,329.8451819,25446000,-0.007240521
01-08-2023,329.2773438,331.4311589,326.6927955,328.1514981,18311900,0.001250245
02-08-2023,320.6229248,326.6242075,319.506849,326.6242075,27761300,-0.026283068
04-08-2023,320.8970947,328.1025609,320.3684256,324.9110067,23741500,0.003428784
07-08-2023,323.1781311,324.1571325,320.6425211,321.4746783,17741500,0.007108311
08-08-2023,319.2033691,321.8466847,316.2174271,320.0942639,22327600,-0.012298982
09-08-2023,315.4636536,320.2411556,314.3084091,319.6146102,22373300,-0.011715777
10-08-2023,316.1489258,321.3670202,314.4356733,319.1740366,20113700,0.00217227
11-08-2023,314.2692566,315.6398526,312.5070361,313.5350055,24355500,-0.005945518
14-08-2023,317.2355957,317.255165,313.358729,314.6412482,18836100,0.009438846
15-08-2023,315.1013794,318.2635647,314.1615464,316.2174553,16966300,-0.006727544
17-08-2023,310.882782,315.7783324,310.2254491,314.473517,21257200,-0.01098623
18-08-2023,310.4903564,312.3543913,305.6536382,308.5379985,24755000,-0.001262294
24-08-2023,313.9143066,326.6780913,313.9044863,326.5505469,23281400,-0.021498442
25-08-2023,316.8673706,319.2023022,312.7664575,315.3859389,21684100,0.00940723
28-08-2023,317.5737305,319.9773443,315.6311928,319.4966275,14808500,0.002229197
29-08-2023,322.1945496,322.753769,315.7881369,315.7881369,19284600,0.014550382
30-08-2023,322.5673218,323.5680065,320.2716123,322.4495977,15222100,0.001156979
31-08-2023,321.5569153,324.6472933,320.5954517,322.9696646,26411000,-0.00313239
01-09-2023,322.4398499,325.7068138,320.5954256,325.0396905,14942000,0.002745811
06-09-2023,326.5799561,328.13004,323.931044,327.0704931,17535800,-0.002008597
08-09-2023,327.9436646,329.7979092,323.2247,323.8427815,19530100,0.013215766
11-09-2023,331.5441589,332.0150852,329.0816535,330.8573951,16583300,0.010979003
13-09-2023,329.6997681,330.474825,324.9023312,325.039666,16544400,0.012930814
14-09-2023,332.2898254,334.4089192,330.2001327,332.7312908,20267000,0.007855806
15-09-2023,323.9703369,331.0144428,323.4111174,330.5435463,37679800,-0.025036844
18-09-2023,322.8322754,324.1469112,320.1833631,321.5961123,16834200,-0.003512857
19-09-2023,322.4300232,323.1560384,318.3683917,319.9969784,16505900,-0.00124601
20-09-2023,314.6991272,323.3522079,314.4440683,323.2737352,21436500,-0.023976973
21-09-2023,313.482605,319.1924634,309.0383405,313.2177258,35560400,-0.003865668
22-09-2023,311.0103149,315.3662864,310.1665756,315.238742,21447900,-0.00788653
26-09-2023,306.2324829,309.9016905,304.1525807,309.1658849,26297600,-0.017005797
28-09-2023,307.7041626,309.5093357,303.5934588,305.1042917,19683600,0.002717711
29-09-2023,309.7741699,313.423767,309.0187536,311.7363183,24147300,0.006727265
02-10-2023,315.7096863,315.7980093,309.2149794,310.2941671,20570000,0.019160785
03-10-2023,307.4588623,315.307456,305.3200978,314.7580269,21033500,-0.026134212
04-10-2023,312.9234009,313.9829777,308.0572815,308.0867125,20720100,0.017773235
06-10-2023,321.0663757,322.9598419,310.3137802,310.5590487,25673600,0.026022262
09-10-2023,323.5778809,324.0487773,317.0635342,318.6038278,19891200,0.007822386
10-10-2023,322.1749268,324.8336291,321.4685522,324.6962644,20557100,-0.004335754
11-10-2023,326.1286621,326.5210858,322.9107403,324.9415409,20063200,0.012272014
12-10-2023,324.8925476,327.3158022,322.4987241,324.3137174,19313100,-0.003790266
13-10-2023,321.5274963,327.5120257,320.1833994,326.0894859,21072400,-0.010357428
16-10-2023,326.3444824,329.7782416,324.343083,324.7845484,22158000,0.014981568
17-10-2023,325.7754822,327.14898,321.2134933,323.3522278,18338500,-0.001743557
19-10-2023,325.049469,330.5042384,324.647225,325.8637473,25052100,0.003665456
20-10-2023,320.4875183,325.6381578,319.2906066,325.441931,25027700,-0.014034635
24-10-2023,324.2744141,325.5596187,321.3998742,325.0298303,31153600,0.00367406
25-10-2023,334.2225037,339.6478419,331.2302099,338.4901517,55053800,0.030677997
30-10-2023,330.9261475,333.0256607,325.5498499,327.0999639,22828100,0.022740481
31-10-2023,331.7109375,332.5841078,328.355681,332.4369527,20265300,0.002371496
01-11-2023,339.5203247,340.8447807,333.2218157,333.3591805,28158800,0.023542749
02-11-2023,341.7278137,342.2281413,338.2449819,340.6682367,24348100,0.006501788
03-11-2023,346.1229248,347.6828589,340.7564484,343.0129367,23637700,0.012861438
06-11-2023,349.7823792,350.7732737,346.6625704,346.7606838,23828300,0.010572701
07-11-2023,353.706665,355.600131,350.861556,352.5980464,25833900,0.011219221
08-11-2023,356.3261414,356.9834443,353.7262709,354.8348895,26767800,0.007405787
09-11-2023,353.8636475,357.8860576,353.5398762,355.4431625,24847300,-0.006910787
10-11-2023,362.6737061,363.0955608,354.2364621,354.6484965,28042100,0.024896761
13-11-2023,359.7402954,361.4964267,358.9750587,361.2511581,19986500,-0.008088291
14-11-2023,363.2623291,364.9105565,360.3976092,363.9883444,27683900,0.00979049
17-11-2023,363.5867615,368.0302065,360.785019,367.2830672,40157000,-0.016800937
20-11-2023,371.0482178,372.4539941,364.717274,364.9335496,52465100,0.020521804
22-11-2023,371.4512634,373.3584127,368.6200303,371.5987172,23345300,0.001086235
24-11-2023,371.0383301,371.5691937,368.7871321,370.9400175,10176600,-0.001111676
27-11-2023,372.1983643,374.1940158,369.8292031,370.3993678,22179200,0.003126454
28-11-2023,376.2190857,376.5139933,371.755961,371.9427458,20453100,0.010802631
29-11-2023,372.4343262,377.7920145,371.0482004,377.2611808,28963400,-0.010059988
30-11-2023,372.4933472,373.6533572,369.1115995,372.0804465,30554400,0.000158474
01-12-2023,368.1677856,371.7559679,365.0219648,370.3796825,33040500,-0.011612453
04-12-2023,362.8887634,363.2623031,356.7544151,362.8494324,32063300,-0.014338632
05-12-2023,366.2114868,366.762001,359.428342,360.244303,23065000,0.009156314
06-12-2023,362.5544739,367.84337,361.7975244,367.2142238,21182100,-0.009986068
07-12-2023,364.6680908,365.1596235,360.1164936,361.994152,23118900,0.005829791
08-12-2023,367.8926086,368.1186945,361.9942157,362.9477904,20154400,0.008842336
11-12-2023,365.012207,365.3071447,359.9002844,362.2399851,27708800,-0.007829463
12-12-2023,368.0400391,368.0793701,364.1864094,364.5698193,24838300,0.008295153
13-12-2023,368.0301514,371.2447941,364.4911103,369.6522031,30955500,-2.69E-05
15-12-2023,364.4518433,366.0935457,360.0771903,360.6375447,78502300,0.013117364
19-12-2023,366.9390259,366.9390259,363.5769288,365.1989808,20603700,0.001637093
20-12-2023,364.3437195,369.6621073,364.2552472,368.649551,26316700,-0.007072855
21-12-2023,367.2142639,368.069526,363.773535,366.250849,17708000,0.007878671
22-12-2023,368.2366333,368.8264786,366.3983058,367.3518804,17107500,0.002784122
26-12-2023,368.3152466,370.5566343,367.1748872,368.6494852,12673100,0.000213486
27-12-2023,367.7352905,368.7085157,366.4966185,367.3617209,14905400,-0.001574619
28-12-2023,368.9247742,370.0847841,367.8237457,369.0132465,14327000,0.003234619
29-12-2023,369.671936,370.7729645,367.1552909,369.632605,18730800,0.002025242
