Date,Portfolio_Value,Rolling_Vol_30d,Drawdown_Pct,Risk_Regime
18-02-2020,1165670.73,0.232364713,-0.007790163,Normal
19-02-2020,1169166.57,0.226403342,-0.004814531,Normal
20-02-2020,1151311.812,0.234355491,-0.020012362,Normal
21-02-2020,1114915.966,0.254978888,-0.050992223,Normal
24-02-2020,1066845.758,0.288306198,-0.091909209,Normal
25-02-2020,1049241.104,0.291696892,-0.106894153,Normal
26-02-2020,1062351.106,0.292866661,-0.095735021,Normal
27-02-2020,987498.9118,0.362744143,-0.159448626,High Volatility
28-02-2020,1011409.115,0.36927701,-0.139096447,High Volatility
02-03-2020,1078707.346,0.413550231,-0.081812718,High Volatility
03-03-2020,1027016.045,0.433675078,-0.12581195,High Volatility
04-03-2020,1064723.083,0.446206204,-0.093716014,High Volatility
05-03-2020,1038003.573,0.452446574,-0.116459452,High Volatility
06-03-2020,1008662.083,0.459672416,-0.1414347,High Volatility
09-03-2020,940302.4636,0.501161544,-0.199621874,High Volatility
10-03-2020,1004604.16,0.537570718,-0.144888772,High Volatility
11-03-2020,959093.5567,0.550378568,-0.183627043,High Volatility
12-03-2020,868134.9264,0.61522963,-0.261050319,High Volatility
13-03-2020,991556.8341,0.730405013,-0.155994554,High Volatility
16-03-2020,845410.7625,0.860017982,-0.280392951,High Volatility
17-03-2020,915019.0961,0.891806677,-0.22114288,High Volatility
18-03-2020,876500.3733,0.890596693,-0.253929716,High Volatility
19-03-2020,890921.2656,0.893240355,-0.241654765,High Volatility
20-03-2020,857459.8782,0.893395465,-0.270136837,High Volatility
23-03-2020,848906.903,0.892786128,-0.277417063,High Volatility
24-03-2020,926068.6987,0.930892198,-0.211737544,High Volatility
25-03-2020,917204.2467,0.929841022,-0.219282897,High Volatility
26-03-2020,974576.1374,0.950402984,-0.17044839,High Volatility
27-03-2020,934559.1975,0.956242821,-0.204510498,High Volatility
30-03-2020,1000296.635,0.979678987,-0.148555304,High Volatility
31-03-2020,984564.7528,0.979145894,-0.161946159,High Volatility
01-04-2020,949604.547,0.982717548,-0.191704014,High Volatility
02-04-2020,969269.2995,0.985534213,-0.17496553,High Volatility
06-04-2020,1031761.101,1.001535555,-0.121772995,High Volatility
07-04-2020,1020648.521,0.994176218,-0.131231936,High Volatility
08-04-2020,1030886.74,0.993641583,-0.122517245,High Volatility
09-04-2020,1030949.316,0.992881268,-0.12246398,High Volatility
13-04-2020,1033259.218,0.969089417,-0.12049781,High Volatility
14-04-2020,1084388.136,0.976534194,-0.076977273,High Volatility
15-04-2020,1073026.455,0.959124972,-0.086648247,High Volatility
16-04-2020,1105239.227,0.951323565,-0.059228987,High Volatility
17-04-2020,1114978.342,0.946220031,-0.050939129,High Volatility
20-04-2020,1092878.535,0.945012945,-0.069750312,High Volatility
21-04-2020,1047680.11,0.949609374,-0.108222859,High Volatility
22-04-2020,1083264.674,0.929123605,-0.077933556,High Volatility
23-04-2020,1070154.37,0.911692244,-0.089092944,High Volatility
24-04-2020,1089694.773,0.900992738,-0.072460306,High Volatility
27-04-2020,1086573.287,0.845999512,-0.07511729,High Volatility
28-04-2020,1060103.58,0.762069035,-0.097648098,High Volatility
29-04-2020,1107674.182,0.597245509,-0.057156373,High Volatility
30-04-2020,1118786.561,0.559111346,-0.047697602,High Volatility
01-05-2020,1089819.624,0.548157661,-0.072354033,High Volatility
04-05-2020,1116476.559,0.549753797,-0.049663858,High Volatility
06-05-2020,1139575.377,0.533344625,-0.030002324,High Volatility
07-05-2020,1146193.004,0.530279281,-0.024369452,High Volatility
08-05-2020,1152935.182,0.47742049,-0.018630562,High Volatility
11-05-2020,1165795.581,0.474807804,-0.007683891,High Volatility
12-05-2020,1139388.05,0.455637659,-0.030161776,High Volatility
14-05-2020,1127027.357,0.436207899,-0.040683101,High Volatility
15-05-2020,1143445.972,0.396127814,-0.026707704,High Volatility
18-05-2020,1154371.124,0.391622252,-0.0174083,High Volatility
19-05-2020,1146380.432,0.373483003,-0.024209915,High Volatility
20-05-2020,1162281.289,0.371763327,-0.010675229,High Volatility
21-05-2020,1148320.794,0.334347855,-0.022558294,Normal
22-05-2020,1148821.503,0.331716599,-0.022132094,Normal
26-05-2020,1136676.818,0.333827837,-0.032469555,Normal
27-05-2020,1138179.448,0.333742971,-0.031190528,Normal
28-05-2020,1135612.623,0.334121231,-0.03337539,Normal
29-05-2020,1147194.022,0.306475856,-0.023517393,Normal
01-06-2020,1144564.721,0.304500925,-0.025755434,Normal
02-06-2020,1157585.973,0.294646532,-0.014671845,Normal
03-06-2020,1160403.002,0.293866401,-0.012274012,Normal
04-06-2020,1145128.007,0.290225101,-0.025275969,Normal
05-06-2020,1171921.926,0.265275539,-0.002469194,Normal
08-06-2020,1179184.068,0.25012202,0,Normal
09-06-2020,1188198.842,0.246354198,0,Normal
10-06-2020,1232270.796,0.261080989,0,Normal
11-06-2020,1166099.838,0.31224652,-0.05369839,Normal
12-06-2020,1175302.542,0.301848132,-0.046230304,Normal
15-06-2020,1182814.988,0.276687674,-0.04013388,Normal
16-06-2020,1211800.175,0.283167317,-0.016612112,Normal
17-06-2020,1215994.381,0.269590351,-0.013208472,Normal
18-06-2020,1229015.834,0.263429392,-0.002641434,Normal
22-06-2020,1255621.825,0.263978191,0,Normal
23-06-2020,1264010.637,0.264063302,0,Normal
24-06-2020,1238531.318,0.272619286,-0.02015752,Normal
25-06-2020,1254181.872,0.273058346,-0.007775857,Normal
26-06-2020,1229078.31,0.270989308,-0.027636103,Normal
29-06-2020,1242287.391,0.26890728,-0.017185968,Normal
30-06-2020,1274027.132,0.274560341,0,Normal
01-07-2020,1281476.801,0.274079445,0,Normal
02-07-2020,1291242.89,0.272507172,0,Normal
06-07-2020,1319038.43,0.275713384,0,Normal
08-07-2020,1332372.663,0.271777867,0,Normal
09-07-2020,1341700.619,0.271493706,0,Normal
10-07-2020,1337631.465,0.268530069,-0.003032833,Normal
13-07-2020,1296313.664,0.288828001,-0.033827931,Normal
14-07-2020,1304326.619,0.288187762,-0.027855693,Normal
15-07-2020,1302386.157,0.288220837,-0.029301964,Normal
16-07-2020,1276593.656,0.296163952,-0.048525701,Normal
17-07-2020,1270083.03,0.296291931,-0.053378219,Normal
20-07-2020,1324672.588,0.317081866,-0.012691379,Normal
21-07-2020,1306830.667,0.317232936,-0.025989369,Normal
22-07-2020,1325611.532,0.313708148,-0.011991563,Normal
23-07-2020,1267954.338,0.34371135,-0.054964781,Normal
24-07-2020,1260191.888,0.344216193,-0.060750312,Normal
27-07-2020,1276155.422,0.330126076,-0.048852327,Normal
28-07-2020,1264699.276,0.285769545,-0.057390854,Normal
29-07-2020,1277470.324,0.286182279,-0.047872301,Normal
30-07-2020,1276468.604,0.286153098,-0.048618905,Normal
31-07-2020,1283417.263,0.27887892,-0.043439911,Normal
03-08-2020,1355598.238,0.318150051,0,Normal
04-08-2020,1335252.369,0.321948955,-0.015008776,Normal
05-08-2020,1333061.402,0.317241451,-0.016625012,Normal
06-08-2020,1354408.69,0.319539423,-0.000877508,Normal
07-08-2020,1330181.495,0.318180664,-0.018749466,Normal
10-08-2020,1303700.858,0.323147348,-0.038283748,Normal
11-08-2020,1273213.542,0.325286517,-0.060773682,Normal
12-08-2020,1309585.321,0.333566523,-0.033942887,Normal
13-08-2020,1306517.586,0.326199539,-0.036205899,Normal
14-08-2020,1307769.711,0.325857229,-0.035282229,Normal
17-08-2020,1316409.129,0.325684467,-0.028909089,Normal
18-08-2020,1323984.251,0.320185482,-0.02332106,Normal
19-08-2020,1315951.34,0.319250612,-0.029246791,Normal
20-08-2020,1346575.541,0.32578753,-0.006655879,Normal
21-08-2020,1336785.685,0.326379682,-0.013877676,Normal
24-08-2020,1340990.32,0.312605905,-0.010775994,Normal
25-08-2020,1358435.926,0.31416278,0,Normal
26-08-2020,1387804.693,0.319318265,0,Normal
27-08-2020,1421880.309,0.318440173,0,Normal
28-08-2020,1436501.866,0.317899707,0,Normal
31-08-2020,1415290.961,0.301192687,-0.014765664,Normal
01-09-2020,1426210.297,0.29780404,-0.007164327,Normal
02-09-2020,1453696.365,0.299722412,0,Normal
03-09-2020,1363644.487,0.330327779,-0.061946827,Normal
08-09-2020,1271772.586,0.390605377,-0.125145652,High Volatility
09-09-2020,1325929.226,0.407317465,-0.087891215,High Volatility
10-09-2020,1288779.056,0.415378884,-0.113446874,High Volatility
14-09-2020,1289029.862,0.414417967,-0.113274345,High Volatility
15-09-2020,1310178.089,0.416970952,-0.098726446,High Volatility
16-09-2020,1286771.003,0.420270651,-0.114828217,High Volatility
18-09-2020,1257527.489,0.391882828,-0.134944876,High Volatility
21-09-2020,1271019.466,0.391795829,-0.125663724,High Volatility
22-09-2020,1301643.266,0.398679524,-0.104597564,High Volatility
23-09-2020,1258782.722,0.406332062,-0.1340814,High Volatility
24-09-2020,1275098.648,0.40589503,-0.122857648,High Volatility
25-09-2020,1304153.732,0.407635106,-0.102870611,High Volatility
28-09-2020,1314319.948,0.40191075,-0.095877255,High Volatility
29-09-2020,1300639.44,0.394801865,-0.105288098,High Volatility
30-09-2020,1319905.169,0.397093136,-0.092035172,High Volatility
01-10-2020,1333271.393,0.398094502,-0.082840526,High Volatility
02-10-2020,1293924.94,0.407335269,-0.109907012,High Volatility
05-10-2020,1320218.752,0.411383377,-0.091819459,High Volatility
06-10-2020,1292167.694,0.415726323,-0.111115825,High Volatility
07-10-2020,1316767.137,0.413849236,-0.09419383,High Volatility
08-10-2020,1321473.985,0.413552742,-0.090955981,High Volatility
09-10-2020,1354294.368,0.419738394,-0.068378789,High Volatility
12-10-2020,1389373.509,0.424608576,-0.044247793,High Volatility
13-10-2020,1398535.799,0.420502174,-0.037945039,High Volatility
16-10-2020,1378454.474,0.416251417,-0.051759014,High Volatility
19-10-2020,1344316.181,0.420505541,-0.075242799,High Volatility
20-10-2020,1347014.777,0.418930804,-0.073386431,High Volatility
21-10-2020,1347956.027,0.41806661,-0.072738944,High Volatility
22-10-2020,1348520.616,0.413404845,-0.072350562,High Volatility
23-10-2020,1356929.585,0.370581016,-0.066566019,High Volatility
26-10-2020,1318335.952,0.319253414,-0.093114639,Normal
27-10-2020,1338229.047,0.298513013,-0.079430148,Normal
28-10-2020,1271898.139,0.323301669,-0.125059283,Normal
29-10-2020,1284700.074,0.324718759,-0.116252812,Normal
30-10-2020,1270580.43,0.322386244,-0.125965737,Normal
02-11-2020,1269701.656,0.318330444,-0.126570247,Normal
03-11-2020,1295430.879,0.316283896,-0.108871075,Normal
04-11-2020,1357934.113,0.342532513,-0.065875003,Normal
05-11-2020,1401234.094,0.347357732,-0.036088878,Normal
06-11-2020,1403932.289,0.330261333,-0.034232786,Normal
09-11-2020,1370484.741,0.338564501,-0.057241406,Normal
10-11-2020,1324172.481,0.349176295,-0.089099682,Normal
11-11-2020,1358937.839,0.35634351,-0.065184538,High Volatility
12-11-2020,1351972.232,0.355172686,-0.06997619,Normal
13-11-2020,1358686.832,0.353091032,-0.065357206,Normal
20-11-2020,1323738.058,0.360444202,-0.089398522,High Volatility
23-11-2020,1321976.7,0.349313085,-0.090610163,Normal
24-11-2020,1345570.512,0.348210634,-0.074379943,Normal
25-11-2020,1345633.59,0.341864591,-0.074336552,Normal
27-11-2020,1354190.576,0.338199401,-0.068450188,Normal
30-11-2020,1346891.932,0.338591694,-0.073470936,Normal
01-12-2020,1360356.331,0.332225134,-0.064208755,Normal
02-12-2020,1355071.455,0.323492494,-0.067844229,Normal
03-12-2020,1347961.743,0.322955901,-0.072735011,Normal
04-12-2020,1348716.768,0.32053198,-0.072215628,Normal
07-12-2020,1348276.228,0.312109284,-0.072518677,Normal
09-12-2020,1332609.429,0.313900222,-0.083295892,Normal
10-12-2020,1324556.061,0.314313624,-0.088835817,Normal
11-12-2020,1341795.687,0.316743144,-0.076976651,Normal
14-12-2020,1347710.034,0.316468465,-0.072908162,Normal
15-12-2020,1347269.595,0.304623482,-0.073211141,Normal
16-12-2020,1379672.302,0.309227301,-0.050921269,Normal
17-12-2020,1380553.282,0.267377564,-0.050315241,Normal
18-12-2020,1375330.982,0.267103701,-0.053907669,Normal
21-12-2020,1400498.222,0.267845506,-0.036595085,Normal
22-12-2020,1408992.332,0.267696801,-0.030751974,Normal
23-12-2020,1390620.218,0.26710195,-0.04339018,Normal
24-12-2020,1401505.057,0.231828749,-0.035902482,Normal
28-12-2020,1415409.997,0.215150011,-0.026337252,Normal
29-12-2020,1410313.651,0.215392255,-0.029843036,Normal
30-12-2020,1394772.506,0.205730506,-0.040533815,Normal
31-12-2020,1399428.713,0.177078506,-0.037330803,Normal
04-01-2021,1369668.543,0.174363968,-0.05780287,Normal
05-01-2021,1370989.863,0.173616791,-0.056893932,Normal
06-01-2021,1335440.799,0.189465903,-0.081348189,Normal
07-01-2021,1373443.569,0.191130495,-0.055206024,Normal
08-01-2021,1381811.624,0.191473366,-0.049449626,Normal
11-01-2021,1368410.001,0.187759602,-0.058668623,Normal
12-01-2021,1352302.963,0.191172391,-0.06974868,Normal
13-01-2021,1361174.334,0.19122934,-0.06364605,Normal
14-01-2021,1340285.637,0.195943409,-0.078015417,Normal
15-01-2021,1337957.583,0.193616798,-0.079616889,Normal
19-01-2021,1361803.505,0.200350597,-0.063213242,Normal
20-01-2021,1411509.016,0.22463331,-0.029020743,Normal
21-01-2021,1415472.974,0.224642795,-0.02629393,Normal
22-01-2021,1421638.829,0.224700945,-0.022052429,Normal
25-01-2021,1444163.732,0.22448163,-0.006557513,Normal
26-01-2021,1461780.922,0.224516048,0,Normal
27-01-2021,1465367.216,0.222650528,0,Normal
28-01-2021,1503306.608,0.232105536,0,Normal
29-01-2021,1459452.667,0.251183945,-0.029171654,Normal
01-02-2021,1507836.96,0.258835699,0,Normal
02-02-2021,1506956.08,0.258955273,-0.000584201,Normal
03-02-2021,1528914.589,0.260246916,0,Normal
04-02-2021,1522685.756,0.257362329,-0.004074023,Normal
05-02-2021,1523881.221,0.257235228,-0.003292118,Normal
08-02-2021,1525579.903,0.252939746,-0.002181081,Normal
09-02-2021,1533759.126,0.252642877,0,Normal
10-02-2021,1527782.302,0.252544378,-0.003896847,Normal
11-02-2021,1538289.578,0.252149011,0,Normal
12-02-2021,1541435.332,0.248672851,0,Normal
17-02-2021,1540003.603,0.248979459,-0.000928829,Normal
18-02-2021,1537417.623,0.238301869,-0.002606473,Normal
19-02-2021,1519634.167,0.242390632,-0.014143419,Normal
22-02-2021,1478895.295,0.243363981,-0.040572599,Normal
23-02-2021,1471075.584,0.232976539,-0.045645605,Normal
25-02-2021,1444084.409,0.240292651,-0.063156022,Normal
26-02-2021,1465462.886,0.24082078,-0.049286821,Normal
01-03-2021,1494219.63,0.241936451,-0.030630998,Normal
02-03-2021,1474859.234,0.246293723,-0.043190977,Normal
03-03-2021,1435066.325,0.256114237,-0.069006468,Normal
04-03-2021,1429832.192,0.256435212,-0.07240209,Normal
05-03-2021,1460543.739,0.258515076,-0.052478097,Normal
08-03-2021,1433994.207,0.244813421,-0.069702,Normal
09-03-2021,1474291.637,0.257160792,-0.043559204,Normal
10-03-2021,1465714.995,0.257824379,-0.049123266,Normal
11-03-2021,1495418.203,0.260271842,-0.029853428,Normal
12-03-2021,1486715.106,0.25890035,-0.035499528,Normal
15-03-2021,1480787.321,0.259166035,-0.039345155,Normal
16-03-2021,1499075.699,0.250655419,-0.027480643,Normal
17-03-2021,1494850.205,0.234769919,-0.030221915,Normal
18-03-2021,1454994.619,0.228072888,-0.056078066,Normal
19-03-2021,1452661.251,0.228068554,-0.05759183,Normal
22-03-2021,1488228.566,0.235500679,-0.034517677,Normal
23-03-2021,1498255.691,0.236310222,-0.02801262,Normal
24-03-2021,1484886.359,0.237521455,-0.03668592,Normal
25-03-2021,1465210.575,0.240154753,-0.049450506,Normal
26-03-2021,1491318.664,0.245724657,-0.032512988,Normal
29-03-2021,1483498.853,0.24589793,-0.037586059,Normal
30-03-2021,1462120.477,0.24777433,-0.051455195,Normal
31-03-2021,1486841.361,0.253315865,-0.03541762,Normal
01-04-2021,1528336.763,0.26665585,-0.008497645,Normal
05-04-2021,1570715.25,0.278325549,0,Normal
06-04-2021,1563084.47,0.276401398,-0.004858156,Normal
07-04-2021,1575949.483,0.263864993,0,Normal
08-04-2021,1597075.649,0.264830935,0,Normal
09-04-2021,1613472.402,0.257788831,0,Normal
12-04-2021,1613850.567,0.255827145,0,Normal
13-04-2021,1630120.664,0.252071578,0,Normal
14-04-2021,1611832.286,0.251154655,-0.011219033,Normal
15-04-2021,1636489.993,0.236365282,0,Normal
16-04-2021,1644310.004,0.235135526,0,Normal
19-04-2021,1631697.302,0.232337518,-0.007670514,Normal
20-04-2021,1628670.381,0.223492821,-0.009511359,Normal
21-04-2021,1643301.265,0.212725347,-0.000613473,Normal
22-04-2021,1621796.734,0.216586777,-0.013691621,Normal
23-04-2021,1646895.582,0.213848097,0,Normal
26-04-2021,1649418.182,0.212197534,0,Normal
27-04-2021,1652067.039,0.211105391,0,Normal
28-04-2021,1605337.103,0.229176965,-0.028285738,Normal
29-04-2021,1592409.013,0.230698417,-0.036111141,Normal
03-05-2021,1588309.775,0.214161408,-0.038592419,Normal
04-05-2021,1562643.429,0.220980741,-0.054128318,Normal
05-05-2021,1554319.097,0.212112746,-0.059167055,Normal
06-05-2021,1574877.666,0.214305064,-0.046722906,Normal
07-05-2021,1592094.127,0.213468168,-0.036301742,Normal
10-05-2021,1558796.2,0.219549067,-0.056457054,Normal
11-05-2021,1552805.437,0.215075704,-0.060083277,Normal
12-05-2021,1507210.797,0.23267016,-0.087681818,Normal
13-05-2021,1532625.234,0.232732741,-0.072298401,Normal
14-05-2021,1564913.418,0.235335132,-0.052754288,Normal
17-05-2021,1546183.598,0.225339768,-0.064091492,Normal
18-05-2021,1532940.32,0.211631391,-0.072107678,Normal
19-05-2021,1536733.097,0.211477504,-0.069811902,Normal
20-05-2021,1557971.177,0.214059732,-0.056956442,Normal
21-05-2021,1549690.67,0.210482391,-0.061968653,Normal
24-05-2021,1585151.084,0.219125636,-0.040504382,Normal
25-05-2021,1591092.507,0.21947575,-0.036908025,Normal
26-05-2021,1589638.716,0.217204383,-0.037788008,Normal
27-05-2021,1575859.028,0.216254197,-0.046128885,Normal
28-05-2021,1578198.112,0.211065354,-0.044713032,Normal
01-06-2021,1563786.346,0.211502224,-0.053436507,Normal
02-06-2021,1563154.367,0.210751491,-0.053819046,Normal
03-06-2021,1553104.178,0.211252115,-0.059902449,Normal
04-06-2021,1585213.96,0.218746433,-0.040466323,Normal
07-06-2021,1604303.193,0.218925476,-0.028911566,Normal
08-06-2021,1596465.231,0.214105688,-0.033655903,Normal
09-06-2021,1602912.579,0.214488396,-0.029753308,Normal
10-06-2021,1625983.92,0.21890895,-0.015788172,Normal
11-06-2021,1630092.485,0.202058562,-0.013301248,Normal
14-06-2021,1642734.168,0.201408915,-0.005649208,Normal
16-06-2021,1626868.911,0.203568136,-0.015252485,Normal
17-06-2021,1649118.238,0.200158215,-0.001784916,Normal
18-06-2021,1639826.685,0.20025589,-0.007409115,Normal
22-06-2021,1678257.56,0.207183863,0,Normal
23-06-2021,1676740.69,0.205666258,-0.000903836,Normal
24-06-2021,1685715.753,0.194079053,0,Normal
25-06-2021,1675160.141,0.194908246,-0.006261798,Normal
28-06-2021,1698547.472,0.1716701,0,Normal
29-06-2021,1715487.555,0.168386452,0,Normal
01-07-2021,1716751.713,0.160554614,0,Normal
02-07-2021,1754992.955,0.163007634,0,Normal
06-07-2021,1755056.132,0.158974846,0,Normal
08-07-2021,1753539.463,0.159639245,-0.000864171,Normal
09-07-2021,1756826.516,0.15730105,0,Normal
12-07-2021,1752907.284,0.15595504,-0.002230859,Normal
13-07-2021,1776042.004,0.14839398,0,Normal
14-07-2021,1785712.825,0.148469866,0,Normal
15-07-2021,1776357.291,0.150201219,-0.005239103,Normal
16-07-2021,1774587.91,0.146277614,-0.006229957,Normal
19-07-2021,1750947.768,0.15460084,-0.019468448,Normal
20-07-2021,1765549.068,0.150429924,-0.011291713,Normal
21-07-2021,1778696.475,0.150127729,-0.003929159,Normal
22-07-2021,1808657.409,0.150709839,0,Normal
23-07-2021,1830970.215,0.145207629,0,Normal
26-07-2021,1827051.385,0.144916174,-0.002140303,Normal
28-07-2021,1809163.233,0.148319173,-0.011910069,Normal
29-07-2021,1810932.814,0.148607594,-0.010943597,Normal
30-07-2021,1800883.126,0.147878366,-0.01643232,Normal
02-08-2021,1800313.723,0.148254101,-0.016743304,Normal
03-08-2021,1814851.845,0.148339117,-0.008803185,Normal
04-08-2021,1810996.193,0.144122585,-0.010908983,Normal
05-08-2021,1830021.745,0.142508928,-0.000518015,Normal
06-08-2021,1829642.679,0.140338749,-0.000725045,Normal
09-08-2021,1822499.572,0.129114037,-0.004626314,Normal
10-08-2021,1810553.547,0.131532325,-0.011150738,Normal
11-08-2021,1813777.02,0.13128315,-0.00939021,Normal
12-08-2021,1831854.906,0.130322555,0,Normal
13-08-2021,1851070.594,0.128195324,0,Normal
16-08-2021,1862132.13,0.126805846,0,Normal
17-08-2021,1852524.085,0.128756541,-0.005159701,Normal
19-08-2021,1879440.048,0.120363481,0,Normal
20-08-2021,1927506.546,0.13727344,0,Normal
23-08-2021,1929343.717,0.136915168,0,Normal
24-08-2021,1916487.329,0.139843577,-0.006663607,Normal
25-08-2021,1912624.456,0.139776156,-0.008665776,Normal
26-08-2021,1894132.003,0.140946694,-0.018250617,Normal
27-08-2021,1898121.834,0.140602388,-0.016182644,Normal
30-08-2021,1922630.019,0.142215633,-0.003479783,Normal
31-08-2021,1911801.138,0.143877889,-0.009092511,Normal
01-09-2021,1911484.447,0.13607318,-0.009256655,Normal
02-09-2021,1907177.724,0.135886691,-0.011488877,Normal
03-09-2021,1907115.148,0.135292003,-0.011521311,Normal
07-09-2021,1901035.235,0.129061055,-0.014672597,Normal
08-09-2021,1901224.968,0.125134234,-0.014574256,Normal
09-09-2021,1882479.002,0.128933378,-0.024290496,Normal
10-09-2021,1872726.351,0.126215658,-0.029345402,Normal
13-09-2021,1880833.17,0.126546971,-0.025143549,Normal
14-09-2021,1898564.881,0.12695453,-0.015953008,Normal
15-09-2021,1930420.147,0.133866992,0,Normal
16-09-2021,1932953.277,0.132786206,0,Normal
17-09-2021,1899071.708,0.14425106,-0.017528396,Normal
20-09-2021,1863796.816,0.153200584,-0.035777617,Normal
21-09-2021,1866963.329,0.153211802,-0.034139443,Normal
23-09-2021,1897108.782,0.158815046,-0.018543902,Normal
24-09-2021,1895778.638,0.157175487,-0.019232042,Normal
27-09-2021,1862974.301,0.166522213,-0.036203139,Normal
28-09-2021,1795527.25,0.196932622,-0.071096404,Normal
29-09-2021,1798567.007,0.194261393,-0.069523807,Normal
30-09-2021,1785394.93,0.193972675,-0.07633829,Normal
01-10-2021,1830865.922,0.208235202,-0.052814187,Normal
04-10-2021,1792930.943,0.211565563,-0.072439586,Normal
05-10-2021,1828712.46,0.20604063,-0.053928265,Normal
06-10-2021,1856260.803,0.211559618,-0.039676321,Normal
07-10-2021,1867280.221,0.21191839,-0.033975501,Normal
08-10-2021,1867280.221,0.211903878,-0.033975501,Normal
11-10-2021,1863354.17,0.210262944,-0.036006617,Normal
12-10-2021,1854803.902,0.210426246,-0.040430038,Normal
13-10-2021,1876526.447,0.209787487,-0.02919203,Normal
14-10-2021,1917311.047,0.218904262,-0.0080924,Normal
15-10-2021,1926556.873,0.219327314,-0.003309136,Normal
18-10-2021,1946062.377,0.221002125,0,Normal
19-10-2021,1952015.735,0.221097592,0,Normal
20-10-2021,1946822.717,0.221020348,-0.002660336,Normal
21-10-2021,1968038.234,0.222910866,0,Normal
22-10-2021,1957905.513,0.221282824,-0.00514864,Normal
25-10-2021,1951382.151,0.220873652,-0.008463293,Normal
26-10-2021,1963921.647,0.221198075,-0.002091721,Normal
27-10-2021,2046630.456,0.248713245,0,Normal
28-10-2021,2054103.29,0.245120826,0,Normal
29-10-2021,2100144.286,0.251918145,0,Normal
01-11-2021,2085894.978,0.24615274,-0.006784919,Normal
02-11-2021,2109707.003,0.238238032,0,Normal
03-11-2021,2115216.311,0.238171818,0,Normal
04-11-2021,2130669.208,0.235725733,0,Normal
05-11-2021,2128262.033,0.235801301,-0.001129774,Normal
08-11-2021,2134152.012,0.227041059,0,Normal
09-11-2021,2127565.672,0.191895983,-0.003086162,Normal
10-11-2021,2094951.069,0.201178226,-0.018368393,Normal
11-11-2021,2105273.725,0.197700826,-0.013531504,Normal
12-11-2021,2132441.998,0.19013431,-0.000801261,Normal
15-11-2021,2128325.812,0.174902211,-0.002729984,Normal
16-11-2021,2150111.534,0.170363461,0,Normal
17-11-2021,2151570.241,0.168418583,0,Normal
18-11-2021,2165211.437,0.168443254,0,Normal
19-11-2021,2176885.096,0.167794128,0,Normal
22-11-2021,2156074.72,0.171954926,-0.009559704,Normal
23-11-2021,2142434.325,0.172862715,-0.015825719,Normal
24-11-2021,2143894.033,0.17201224,-0.01515517,Normal
26-11-2021,2091677.655,0.183844531,-0.03914191,Normal
29-11-2021,2135772.773,0.191038378,-0.018885849,Normal
30-11-2021,2097451.306,0.199788352,-0.036489657,Normal
01-12-2021,2094215.799,0.200121106,-0.037975958,Normal
02-12-2021,2090472.463,0.199946865,-0.039695542,Normal
03-12-2021,2049359.538,0.208277284,-0.058581667,Normal
06-12-2021,2069534.927,0.208725116,-0.049313659,Normal
07-12-2021,2124923.234,0.219816246,-0.023869823,Normal
08-12-2021,2125240.126,0.219682256,-0.023724252,Normal
09-12-2021,2113376.131,0.187756042,-0.029174238,Normal
10-12-2021,2173269.118,0.20322501,-0.001661079,Normal
13-12-2021,2153347.042,0.196233225,-0.010812723,Normal
14-12-2021,2083176.125,0.218684858,-0.043047275,Normal
15-12-2021,2123210.213,0.223250596,-0.024656737,Normal
16-12-2021,2061350.69,0.239160452,-0.053073268,Normal
17-12-2021,2054371.244,0.238001732,-0.05627943,Normal
20-12-2021,2029691.376,0.240076739,-0.06761667,Normal
21-12-2021,2076514.573,0.250049518,-0.046107405,Normal
22-12-2021,2114011.119,0.255793172,-0.028882543,Normal
23-12-2021,2123463.726,0.251968718,-0.02454028,Normal
27-12-2021,2172698.111,0.260016818,-0.001923384,Normal
28-12-2021,2165084.28,0.257891758,-0.005420964,Normal
29-12-2021,2169525.982,0.257822777,-0.003380571,Normal
30-12-2021,2152839.212,0.257284662,-0.011046005,Normal
31-12-2021,2133806.038,0.258567626,-0.019789312,Normal
03-01-2022,2123844.598,0.258094007,-0.024365318,Normal
04-01-2022,2087426.889,0.261836734,-0.041094593,Normal
05-01-2022,2007294.533,0.28302096,-0.077905151,Normal
06-01-2022,1991433.488,0.283251268,-0.085191271,Normal
07-01-2022,1992448.745,0.283235309,-0.084724891,Normal
10-01-2022,1993908.053,0.275380685,-0.084054525,Normal
11-01-2022,1998412.732,0.267358525,-0.081985202,Normal
12-01-2022,2019286.288,0.265391055,-0.072396476,Normal
13-01-2022,1933824.73,0.291960334,-0.11165512,Normal
14-01-2022,1968085.568,0.297788039,-0.095916651,Normal
18-01-2022,1920183.934,0.300585562,-0.117921319,Normal
19-01-2022,1924498.278,0.298764303,-0.115939431,Normal
20-01-2022,1913522.183,0.286061399,-0.120981541,Normal
21-01-2022,1878182.91,0.289149603,-0.137215413,Normal
24-01-2022,1880340.182,0.289510616,-0.136224422,Normal
25-01-2022,1830344.654,0.280628539,-0.159190966,Normal
26-01-2022,1882496.852,0.296955118,-0.135233708,Normal
27-01-2022,1902355.952,0.28713699,-0.126110995,Normal
28-01-2022,1955777.122,0.293934638,-0.101570806,Normal
31-01-2022,1973034.498,0.284376941,-0.093643251,Normal
01-02-2022,1958949.452,0.284809559,-0.100113527,Normal
02-02-2022,1988768.386,0.286993794,-0.086415544,Normal
03-02-2022,1911301.331,0.299485995,-0.122001738,Normal
04-02-2022,1941057.89,0.298099608,-0.108332409,Normal
07-02-2022,1909398.174,0.299800069,-0.122875995,Normal
08-02-2022,1932302.245,0.292981644,-0.112354507,Normal
09-02-2022,1974493.204,0.302172648,-0.092973163,Normal
10-02-2022,1918470.712,0.310724587,-0.118708325,Normal
11-02-2022,1871901.829,0.316221631,-0.140100765,Normal
14-02-2022,1871648.116,0.316223417,-0.140217314,Normal
15-02-2022,1906353.003,0.323012155,-0.124274861,Normal
16-02-2022,1904127.739,0.32044233,-0.125297085,Normal
17-02-2022,1848370.995,0.312281007,-0.150910171,Normal
18-02-2022,1830568.886,0.312573495,-0.159087961,Normal
22-02-2022,1829234.129,0.31247984,-0.159701111,Normal
23-02-2022,1781869.206,0.319489917,-0.181459229,Normal
24-02-2022,1872911.472,0.355035793,-0.139636964,Normal
25-02-2022,1890204.548,0.354683969,-0.131693009,Normal
28-02-2022,1899613.633,0.333071134,-0.127370739,Normal
01-03-2022,1875200.515,0.330341624,-0.138585441,Normal
02-03-2022,1908514.688,0.327430355,-0.123281844,Normal
03-03-2022,1881367.072,0.329867216,-0.135752697,Normal
04-03-2022,1842839.425,0.334644328,-0.153451219,Normal
07-03-2022,1773222.668,0.348290128,-0.185431206,Normal
08-03-2022,1753768.307,0.349146642,-0.194367994,Normal
09-03-2022,1834193.287,0.366699034,-0.157423012,High Volatility
10-03-2022,1815692.411,0.357946275,-0.165921796,High Volatility
11-03-2022,1780597.827,0.359985746,-0.182043265,High Volatility
14-03-2022,1757519.065,0.349802785,-0.192645001,Normal
15-03-2022,1825610.529,0.368522588,-0.161365691,High Volatility
16-03-2022,1871640.293,0.376690329,-0.140220907,High Volatility
17-03-2022,1876917.147,0.373648016,-0.137796869,High Volatility
18-03-2022,1910040.182,0.35989625,-0.122581075,High Volatility
21-03-2022,1901966.255,0.357053994,-0.12629001,High Volatility
22-03-2022,1933118.944,0.35708108,-0.111979338,High Volatility
23-03-2022,1904064.361,0.35811401,-0.125326199,High Volatility
24-03-2022,1933373.26,0.355181216,-0.111862513,Normal
25-03-2022,1930702.742,0.345090786,-0.113089273,Normal
28-03-2022,1975333.77,0.342859471,-0.09258703,Normal
29-03-2022,2005278.458,0.344934449,-0.07883128,Normal
30-03-2022,1995424.12,0.342097981,-0.083358087,Normal
01-04-2022,1967195.863,0.345079056,-0.096325357,Normal
04-04-2022,2002480.783,0.335560442,-0.080116453,Normal
05-04-2022,1976478.392,0.336786872,-0.092061223,Normal
06-04-2022,1904127.739,0.356009847,-0.125297085,Normal
07-04-2022,1916016.604,0.346466947,-0.119835674,Normal
08-04-2022,1888042.262,0.31913746,-0.132686303,Normal
11-04-2022,1813594.105,0.33867581,-0.166885699,Normal
12-04-2022,1793249.439,0.339303833,-0.176231468,Normal
13-04-2022,1828598.54,0.343165682,-0.159993082,Normal
14-04-2022,1779071.932,0.346949793,-0.182744218,Normal
18-04-2022,1783459.081,0.345318359,-0.180728885,Normal
19-04-2022,1813848.421,0.344615301,-0.166768874,Normal
20-04-2022,1820587.59,0.325368319,-0.163673088,Normal
21-04-2022,1785302.47,0.329005759,-0.179882083,Normal
22-04-2022,1742197.337,0.308691582,-0.199683373,Normal
25-04-2022,1784730.459,0.316439901,-0.180144849,Normal
26-04-2022,1717974.756,0.330403434,-0.210810548,Normal
27-04-2022,1800624.398,0.356474175,-0.172843619,High Volatility
28-04-2022,1841377.31,0.344992227,-0.154122874,Normal
29-04-2022,1764385.392,0.358464186,-0.189490803,High Volatility
02-05-2022,1808571.568,0.366543804,-0.169192912,High Volatility
03-05-2022,1791469.429,0.362888902,-0.177049155,High Volatility
04-05-2022,1843602.573,0.373618866,-0.15310065,High Volatility
05-05-2022,1763304.75,0.390336259,-0.189987219,High Volatility
06-05-2022,1746647.463,0.389158285,-0.19763911,High Volatility
09-05-2022,1682116.823,0.397837183,-0.227282677,High Volatility
10-05-2022,1713397.271,0.403350463,-0.212913316,High Volatility
12-05-2022,1623435.547,0.420012401,-0.254239211,High Volatility
13-05-2022,1660119.605,0.423788042,-0.237387583,High Volatility
16-05-2022,1662535.505,0.424370367,-0.236277786,High Volatility
17-05-2022,1696358.51,0.430284005,-0.220740446,High Volatility
18-05-2022,1619123.71,0.441069761,-0.256219948,High Volatility
20-05-2022,1609437.545,0.440711701,-0.260669501,High Volatility
23-05-2022,1660991.058,0.444520881,-0.236987262,High Volatility
24-05-2022,1654427.283,0.443353594,-0.240002476,High Volatility
25-05-2022,1672907.902,0.444699088,-0.231512998,High Volatility
26-05-2022,1694446.729,0.433609695,-0.221618664,High Volatility
27-05-2022,1741220.588,0.440954772,-0.200132064,High Volatility
31-05-2022,1732490.214,0.436756492,-0.204142554,High Volatility
01-06-2022,1735995.681,0.430012262,-0.20253224,High Volatility
02-06-2022,1749759.624,0.430660415,-0.196209471,High Volatility
03-06-2022,1720701.431,0.429796506,-0.20955799,High Volatility
06-06-2022,1712608.45,0.429558925,-0.213275679,High Volatility
07-06-2022,1736505.516,0.428627255,-0.202298036,High Volatility
08-06-2022,1723186.827,0.423359536,-0.208416269,High Volatility
09-06-2022,1687373.018,0.420873214,-0.224868129,High Volatility
10-06-2022,1612177.858,0.426973058,-0.259410678,High Volatility
13-06-2022,1543800.891,0.416836738,-0.29082114,High Volatility
14-06-2022,1558011.692,0.410975763,-0.284293096,High Volatility
15-06-2022,1604339.796,0.407405055,-0.263011264,High Volatility
16-06-2022,1561070.301,0.40435608,-0.282888057,High Volatility
17-06-2022,1578148.573,0.406651558,-0.275042778,High Volatility
21-06-2022,1616957.111,0.403751829,-0.257215223,High Volatility
22-06-2022,1613069.97,0.385383833,-0.259000867,High Volatility
23-06-2022,1649584.15,0.391716554,-0.242227276,High Volatility
24-06-2022,1705917.617,0.38963505,-0.21634926,High Volatility
27-06-2022,1688010.412,0.387073331,-0.224575328,High Volatility
29-06-2022,1658506.163,0.356627577,-0.238128753,High Volatility
30-06-2022,1636648.238,0.352771218,-0.248169671,Normal
01-07-2022,1654172.465,0.354212096,-0.240119532,Normal
05-07-2022,1675010.721,0.351090061,-0.230547022,Normal
06-07-2022,1696422.089,0.324366318,-0.220711239,Normal
07-07-2022,1710377.571,0.324102003,-0.214300482,Normal
08-07-2022,1705662.299,0.311989654,-0.216466546,Normal
11-07-2022,1685589.197,0.313882579,-0.225687566,Normal
12-07-2022,1616511.156,0.335299558,-0.257420082,Normal
13-07-2022,1610457.215,0.332743167,-0.260201093,Normal
14-07-2022,1619123.71,0.322091269,-0.256219948,Normal
15-07-2022,1635947.465,0.324084019,-0.248491586,Normal
18-07-2022,1620207.259,0.324621815,-0.255722196,Normal
19-07-2022,1653854.269,0.33010353,-0.240265703,Normal
20-07-2022,1671314.316,0.328883745,-0.232245047,Normal
21-07-2022,1687692.116,0.330122947,-0.224721544,Normal
22-07-2022,1659143.157,0.33060922,-0.237836136,Normal
25-07-2022,1649393.212,0.330357242,-0.242314987,Normal
26-07-2022,1605231.807,0.333971021,-0.262601499,Normal
27-07-2022,1712544.27,0.35990568,-0.213305161,High Volatility
28-07-2022,1761421.851,0.340751742,-0.190852171,Normal
29-07-2022,1789014.518,0.342026848,-0.178176872,Normal
01-08-2022,1771617.55,0.336211955,-0.186168552,Normal
02-08-2022,1751289.731,0.326680343,-0.195506582,Normal
03-08-2022,1800038.749,0.33325372,-0.17311265,Normal
04-08-2022,1807558.516,0.327867363,-0.169658279,Normal
05-08-2022,1802843.043,0.327901205,-0.171824436,Normal
08-08-2022,1786337.583,0.325032908,-0.179406581,Normal
09-08-2022,1798955.099,0.311927661,-0.173610448,Normal
10-08-2022,1842671.352,0.316119416,-0.153528427,Normal
11-08-2022,1829033.764,0.311706098,-0.159793152,Normal
12-08-2022,1860195.478,0.310060826,-0.145478334,Normal
15-08-2022,1870136.06,0.309492004,-0.14091191,Normal
16-08-2022,1865293.228,0.309014559,-0.143136571,Normal
17-08-2022,1860375.987,0.308280225,-0.145395414,Normal
18-08-2022,1853032.517,0.308538284,-0.148768798,Normal
19-08-2022,1827360.053,0.311935915,-0.160562008,Normal
22-08-2022,1773717.862,0.323146451,-0.185203728,Normal
23-08-2022,1765351.712,0.296491846,-0.189046902,Normal
24-08-2022,1761201.43,0.296245341,-0.190953426,Normal
25-08-2022,1780742.434,0.297095822,-0.181976836,Normal
26-08-2022,1712029.22,0.320650853,-0.213541761,Normal
29-08-2022,1693764.809,0.320985837,-0.221931919,Normal
30-08-2022,1679332.385,0.317017852,-0.22856177,Normal
31-08-2022,1669753.522,0.316059698,-0.232962031,Normal
01-09-2022,1662919.887,0.314881653,-0.236101212,Normal
06-09-2022,1617260.064,0.321295822,-0.257076055,Normal
07-09-2022,1648168.465,0.325933504,-0.242877602,Normal
08-09-2022,1650914.294,0.31563985,-0.241616245,Normal
09-09-2022,1688847.769,0.26056808,-0.224190669,Normal
12-09-2022,1702832.935,0.247648738,-0.217766276,Normal
13-09-2022,1609213.815,0.289997546,-0.260772276,Normal
14-09-2022,1610682.65,0.28965247,-0.260097534,Normal
15-09-2022,1567002.098,0.297247292,-0.280163156,Normal
16-09-2022,1562915.094,0.282252125,-0.282040611,Normal
19-09-2022,1561510.24,0.281247399,-0.282685962,Normal
20-09-2022,1548291.13,0.281353154,-0.28875845,Normal
21-09-2022,1525940.016,0.28245785,-0.299025925,Normal
22-09-2022,1538903.606,0.283024631,-0.293070815,Normal
23-09-2022,1519362.502,0.269801409,-0.302047451,Normal
26-09-2022,1516361.054,0.270088665,-0.303426232,Normal
27-09-2022,1509719.659,0.261137148,-0.306477103,Normal
28-09-2022,1539478.625,0.270026889,-0.292806668,Normal
29-09-2022,1516680.352,0.270844951,-0.303279555,Normal
30-09-2022,1487304.565,0.272964831,-0.316773969,Normal
03-10-2022,1537371.092,0.297164657,-0.293774809,Normal
04-10-2022,1589353.613,0.317310525,-0.269895496,Normal
06-10-2022,1576006.443,0.308520237,-0.276026812,Normal
07-10-2022,1495862.053,0.338760247,-0.312842899,Normal
10-10-2022,1463995.555,0.341749265,-0.327481475,Normal
12-10-2022,1441644.842,0.338763073,-0.337748765,Normal
13-10-2022,1495862.053,0.347557961,-0.312842899,Normal
14-10-2022,1459589.252,0.351990083,-0.329505607,Normal
17-10-2022,1516871.892,0.373567106,-0.303191568,High Volatility
18-10-2022,1523066.328,0.374114893,-0.300346017,High Volatility
19-10-2022,1510166.417,0.374438562,-0.306271875,High Volatility
20-10-2022,1508059.085,0.367095262,-0.307239924,High Volatility
21-10-2022,1546183.698,0.370533267,-0.289726545,High Volatility
24-10-2022,1578944.213,0.376426779,-0.274677283,High Volatility
26-10-2022,1477214.664,0.413687048,-0.321408986,High Volatility
27-10-2022,1448030.517,0.414232043,-0.334815366,High Volatility
28-10-2022,1506271.152,0.404546691,-0.30806125,High Volatility
31-10-2022,1482387.324,0.406375394,-0.319032811,High Volatility
01-11-2022,1457098.742,0.402006333,-0.330649677,High Volatility
03-11-2022,1368205.325,0.438617535,-0.371484822,High Volatility
04-11-2022,1413801.469,0.451646341,-0.350539231,High Volatility
07-11-2022,1455183.049,0.460798008,-0.331529693,High Volatility
09-11-2022,1433725.751,0.460872768,-0.341386574,High Volatility
10-11-2022,1551675.757,0.516914591,-0.287203647,High Volatility
11-11-2022,1578049.995,0.517545934,-0.275088061,High Volatility
15-11-2022,1545225.802,0.521509591,-0.290166576,High Volatility
17-11-2022,1547723.232,0.521297858,-0.289019327,High Volatility
18-11-2022,1544777.64,0.518312294,-0.290372449,High Volatility
21-11-2022,1550092.701,0.516412337,-0.287930859,High Volatility
22-11-2022,1569176.919,0.51377479,-0.279164104,High Volatility
23-11-2022,1585507.186,0.505892326,-0.271662437,High Volatility
25-11-2022,1584930.864,0.49658058,-0.271927183,High Volatility
28-11-2022,1548235.674,0.500652722,-0.288783925,High Volatility
29-11-2022,1539078.198,0.476597752,-0.292990613,High Volatility
30-11-2022,1633921.362,0.500931045,-0.249422322,High Volatility
01-12-2022,1631039.651,0.497978021,-0.250746099,High Volatility
02-12-2022,1633152.899,0.488193542,-0.249775332,High Volatility
05-12-2022,1602285.514,0.485771408,-0.263954943,High Volatility
06-12-2022,1569753.041,0.478469631,-0.27889945,High Volatility
07-12-2022,1564950.222,0.478536758,-0.28110573,High Volatility
08-12-2022,1584354.441,0.478785263,-0.272191976,High Volatility
09-12-2022,1571674.349,0.479532221,-0.278016855,High Volatility
12-12-2022,1617078.754,0.481139505,-0.257159344,High Volatility
13-12-2022,1645320.649,0.479969989,-0.244185809,High Volatility
14-12-2022,1647242.057,0.434620612,-0.243303167,High Volatility
15-12-2022,1594664.763,0.441952438,-0.267455703,High Volatility
16-12-2022,1566999.791,0.43210413,-0.280164215,High Volatility
19-12-2022,1539846.159,0.43264641,-0.292637833,High Volatility
20-12-2022,1548491.895,0.429219706,-0.288666224,High Volatility
21-12-2022,1565334.404,0.382934833,-0.280929248,High Volatility
22-12-2022,1525373.221,0.382999141,-0.299286295,High Volatility
23-12-2022,1528831.555,0.374787447,-0.297697633,High Volatility
27-12-2022,1517496.449,0.372560473,-0.302904663,High Volatility
28-12-2022,1501934.445,0.293322309,-0.310053412,Normal
29-12-2022,1543432.554,0.300315551,-0.290990343,Normal
30-12-2022,1535812.004,0.294439506,-0.294491011,Normal
03-01-2023,1534275.078,0.294396718,-0.295197032,Normal
04-01-2023,1467160.965,0.321364725,-0.326027374,Normal
05-01-2023,1423677.568,0.331227664,-0.346002428,Normal
06-01-2023,1440455.996,0.331025368,-0.338294888,Normal
09-01-2023,1454480.873,0.330800763,-0.331852253,Normal
10-01-2023,1465559.858,0.332125563,-0.326762878,Normal
11-01-2023,1509875.598,0.338887045,-0.306405469,Normal
12-01-2023,1527422.69,0.340388502,-0.298344827,Normal
13-01-2023,1532033.468,0.289284411,-0.296226764,Normal
17-01-2023,1539206.258,0.289958709,-0.292931785,Normal
18-01-2023,1510131.819,0.293969013,-0.306287768,Normal
19-01-2023,1485284.078,0.292842916,-0.317702124,Normal
20-01-2023,1538373.514,0.307189812,-0.293314325,Normal
23-01-2023,1553486.955,0.308572465,-0.286371634,Normal
25-01-2023,1540871.145,0.307028478,-0.292166983,Normal
26-01-2023,1588196.556,0.319139867,-0.270427016,Normal
27-01-2023,1589221.441,0.307814764,-0.269956212,Normal
30-01-2023,1554319.599,0.30915984,-0.28598914,Normal
31-01-2023,1586980.032,0.316007929,-0.270985853,Normal
01-02-2023,1618615.88,0.307311878,-0.256453231,Normal
02-02-2023,1694503.288,0.329109899,-0.221592683,Normal
03-02-2023,1654478.627,0.333020133,-0.23997889,Normal
06-02-2023,1644359.744,0.333774252,-0.244627221,Normal
07-02-2023,1713459.245,0.351837212,-0.212884847,Normal
08-02-2023,1708143.683,0.341643524,-0.215326668,Normal
09-02-2023,1688227.623,0.344574507,-0.224475547,Normal
10-02-2023,1684897.65,0.343455152,-0.226005243,Normal
13-02-2023,1737538.022,0.349691215,-0.201823732,Normal
15-02-2023,1729050.532,0.344168544,-0.205722647,Normal
16-02-2023,1683018.762,0.354788672,-0.226868352,Normal
17-02-2023,1656760.449,0.358793703,-0.238930685,High Volatility
21-02-2023,1622156.446,0.337648899,-0.254826794,Normal
22-02-2023,1614709.083,0.323503493,-0.258247904,Normal
23-02-2023,1635638.596,0.323755653,-0.248633472,Normal
24-02-2023,1600007.1,0.332055253,-0.265001583,Normal
27-02-2023,1606042.188,0.331798843,-0.262229233,Normal
28-02-2023,1601291.415,0.32230613,-0.264411604,Normal
01-03-2023,1581068.091,0.323698292,-0.273701633,Normal
02-03-2023,1612141.155,0.328002931,-0.259427538,Normal
03-03-2023,1638976.792,0.330718213,-0.247099999,Normal
06-03-2023,1649120.645,0.324718956,-0.242440197,Normal
07-03-2023,1631657.991,0.322058685,-0.250462051,Normal
08-03-2023,1628769.06,0.307645707,-0.251789145,Normal
09-03-2023,1619909.622,0.307425528,-0.255858922,Normal
10-03-2023,1595962.516,0.309855537,-0.266859552,Normal
13-03-2023,1630181.535,0.303528042,-0.251140293,Normal
14-03-2023,1674287.284,0.312615267,-0.230879348,Normal
15-03-2023,1704140.415,0.307395667,-0.217165657,Normal
16-03-2023,1773219.86,0.321467593,-0.185432496,Normal
17-03-2023,1793957.031,0.318799172,-0.175906421,Normal
21-03-2023,1757683.729,0.299486952,-0.192569359,Normal
22-03-2023,1748118.203,0.290682426,-0.196963493,Normal
24-03-2023,1801276.233,0.300729827,-0.172544184,Normal
27-03-2023,1774375.913,0.282373365,-0.184901437,Normal
28-03-2023,1766992.932,0.282529781,-0.188292972,Normal
29-03-2023,1800891.149,0.284410057,-0.172721081,Normal
30-03-2023,1823618.121,0.285687939,-0.162280947,Normal
31-03-2023,1850903.323,0.275619149,-0.14974689,Normal
03-04-2023,1844033.787,0.275380008,-0.152902563,Normal
04-04-2023,1843712.482,0.261341448,-0.153050161,Normal
06-04-2023,1872089.358,0.25741389,-0.14001462,Normal
10-04-2023,1857901.421,0.248766616,-0.14653216,Normal
11-04-2023,1815785.273,0.260024904,-0.165879138,Normal
12-04-2023,1820022.399,0.258657765,-0.163932721,Normal
13-04-2023,1860789.952,0.252296713,-0.14520525,Normal
14-04-2023,1837035.488,0.257561804,-0.156117385,Normal
17-04-2023,1854113.359,0.256927386,-0.14827229,Normal
18-04-2023,1851352.187,0.25226571,-0.149540695,Normal
19-04-2023,1851866.434,0.248986821,-0.149304464,Normal
20-04-2023,1836842.946,0.249011344,-0.156205833,Normal
21-04-2023,1834596.222,0.249321525,-0.157237915,Normal
24-04-2023,1808979.716,0.25120137,-0.16900542,Normal
25-04-2023,1768213.167,0.262140861,-0.18773243,Normal
26-04-2023,1896293.086,0.325148834,-0.128896105,Normal
27-04-2023,1957026.84,0.32797908,-0.100996721,Normal
28-04-2023,1972627.553,0.325153283,-0.093830191,Normal
01-05-2023,1961713.431,0.321029121,-0.098843832,Normal
02-05-2023,1960750.521,0.319247842,-0.099286166,Normal
04-05-2023,1960750.521,0.301612405,-0.099286166,Normal
05-05-2023,1994391.213,0.303295363,-0.083832575,Normal
09-05-2023,1970958.655,0.298372924,-0.094596836,Normal
10-05-2023,2005048.812,0.299458203,-0.078936773,Normal
11-05-2023,1990924.655,0.291300746,-0.085425015,Normal
12-05-2023,1983605.253,0.286897651,-0.088787343,Normal
15-05-2023,1986751.308,0.286006715,-0.087342133,Normal
16-05-2023,2001389.311,0.282635557,-0.080617845,Normal
17-05-2023,2020305.757,0.281911319,-0.07192816,Normal
18-05-2023,2049387.416,0.281718762,-0.058568861,Normal
19-05-2023,2048229.557,0.281174557,-0.059100749,Normal
22-05-2023,2066502.191,0.281370979,-0.050706813,Normal
23-05-2023,2028412.776,0.286454694,-0.068204022,Normal
24-05-2023,2019340.44,0.285622102,-0.0723716,Normal
25-05-2023,2097000.237,0.292218358,-0.036696865,Normal
26-05-2023,2141845.668,0.295908434,-0.016096131,Normal
30-05-2023,2131036.241,0.293039653,-0.021061679,Normal
31-05-2023,2112892.169,0.291084564,-0.029396557,Normal
01-06-2023,2139850.852,0.291722417,-0.017012494,Normal
02-06-2023,2157995.125,0.291288112,-0.008677523,Normal
05-06-2023,2161469.505,0.291121789,-0.007081491,Normal
06-06-2023,2146928.174,0.290595473,-0.013761371,Normal
07-06-2023,2080657.435,0.308925827,-0.044204291,Normal
08-06-2023,2092753.483,0.304050805,-0.038647705,Normal
09-06-2023,2102597.993,0.292548294,-0.034125413,Normal
12-06-2023,2135154.232,0.223053268,-0.019169989,Normal
13-06-2023,2150853.422,0.207548652,-0.011958221,Normal
14-06-2023,2170477.26,0.207804096,-0.002943581,Normal
15-06-2023,2239708.532,0.221451583,0,Normal
16-06-2023,2202583.232,0.229424988,-0.016575952,Normal
20-06-2023,2175045.318,0.23412208,-0.028871263,Normal
21-06-2023,2146156.402,0.235393751,-0.041769779,Normal
22-06-2023,2185725.782,0.235703642,-0.024102578,Normal
26-06-2023,2114243.373,0.254739843,-0.056018521,Normal
27-06-2023,2152654.893,0.257531994,-0.038868289,Normal
28-06-2023,2160890.675,0.256857613,-0.035191122,Normal
29-06-2023,2155743.186,0.257285322,-0.037489407,Normal
30-06-2023,2191066.615,0.259958531,-0.021717967,Normal
03-07-2023,2174659.232,0.260969627,-0.029043645,Normal
05-07-2023,2175689.33,0.258584951,-0.02858372,Normal
06-07-2023,2195763.034,0.259289514,-0.019621079,Normal
07-07-2023,2169705.087,0.261720115,-0.031255605,Normal
10-07-2023,2135025.67,0.26014179,-0.046739502,Normal
11-07-2023,2139143.261,0.259478897,-0.044901053,Normal
12-07-2023,2169576.324,0.239406574,-0.031313096,Normal
14-07-2023,2221306.534,0.241247952,-0.008216247,Normal
18-07-2023,2312992.411,0.265769838,0,Normal
19-07-2023,2284618.144,0.267391159,-0.012267342,Normal
20-07-2023,2231794.054,0.275885026,-0.035105328,Normal
21-07-2023,2211848.11,0.276640615,-0.043728765,Normal
24-07-2023,2220469.98,0.276776039,-0.040001183,Normal
25-07-2023,2258238.69,0.279554982,-0.023672244,Normal
26-07-2023,2173243.647,0.287383052,-0.060419033,Normal
27-07-2023,2127883.367,0.294333082,-0.080030113,Normal
28-07-2023,2177104.514,0.301187389,-0.058749824,Normal
31-07-2023,2161341.143,0.299047457,-0.065564966,Normal
01-08-2023,2164043.35,0.298343443,-0.064396693,Normal
02-08-2023,2107165.65,0.306942123,-0.088987218,Normal
03-08-2023,2101761.037,0.291182342,-0.091323851,Normal
04-08-2023,2108967.522,0.288245276,-0.088208197,Normal
07-08-2023,2123958.719,0.287277888,-0.081726897,Normal
08-08-2023,2097836.189,0.28691329,-0.093020721,Normal
09-08-2023,2073258.408,0.282785471,-0.103646688,Normal
10-08-2023,2077762.085,0.266686353,-0.101699567,Normal
11-08-2023,2065408.713,0.26116194,-0.107040428,Normal
14-08-2023,2084903.788,0.262622209,-0.09861192,Normal
15-08-2023,2070877.506,0.26309866,-0.104676048,Normal
16-08-2023,2065848.35,0.257761496,-0.106850355,Normal
17-08-2023,2043152.466,0.258624306,-0.116662702,Normal
18-08-2023,2040573.406,0.258524305,-0.117777734,Normal
21-08-2023,2075391.212,0.262410387,-0.102724591,Normal
22-08-2023,2079130.737,0.260850408,-0.101107843,Normal
23-08-2023,2108403.334,0.260704056,-0.088452118,Normal
24-08-2023,2063075.946,0.267776978,-0.108048977,Normal
25-08-2023,2082483.776,0.265755083,-0.099658189,Normal
28-08-2023,2087126.043,0.255353996,-0.09765115,Normal
29-08-2023,2117494.524,0.227308196,-0.084521629,Normal
30-08-2023,2119944.42,0.225819723,-0.08346244,Normal
31-08-2023,2113303.928,0.216987924,-0.086333393,Normal
01-09-2023,2119106.662,0.216285365,-0.083824637,Normal
05-09-2023,2150635.61,0.220859376,-0.0701934,Normal
06-09-2023,2146315.851,0.214218028,-0.072061006,Normal
07-09-2023,2127166.148,0.1855077,-0.080340196,Normal
08-09-2023,2155278.278,0.17924967,-0.068186187,Normal
11-09-2023,2178941.084,0.169320591,-0.057955801,Normal
12-09-2023,2139158.504,0.17643812,-0.075155416,Normal
13-09-2023,2166819.564,0.180503711,-0.063196423,Normal
14-09-2023,2183841.678,0.16303266,-0.055837076,Normal
15-09-2023,2129165.174,0.180084394,-0.079475936,Normal
18-09-2023,2121685.721,0.180206341,-0.082709606,Normal
19-09-2023,2119042.08,0.179055236,-0.083852558,Normal
20-09-2023,2068233.865,0.189185506,-0.105819001,Normal
21-09-2023,2060238.761,0.186444776,-0.109275607,Normal
22-09-2023,2043990.625,0.187614541,-0.116300332,Normal
25-09-2023,2047408.045,0.187002803,-0.114822844,Normal
26-09-2023,2012590.239,0.190842361,-0.129875987,Normal
27-09-2023,2016781.236,0.190316709,-0.12806405,Normal
28-09-2023,2022262.264,0.190536916,-0.12569438,Normal
29-09-2023,2035866.557,0.18910977,-0.119812695,Normal
02-10-2023,2074875.36,0.196982368,-0.102947615,Normal
03-10-2023,2020650.126,0.205626175,-0.126391372,Normal
04-10-2023,2056563.616,0.21242264,-0.110864521,Normal
06-10-2023,2110080.054,0.221796854,-0.087727204,Normal
09-10-2023,2126585.915,0.212957858,-0.080591054,Normal
10-10-2023,2117365.561,0.211989713,-0.084577385,Normal
11-10-2023,2143349.902,0.214626675,-0.073343306,Normal
12-10-2023,2135226.035,0.211095115,-0.076855581,Normal
13-10-2023,2113110.584,0.213327432,-0.086416984,Normal
16-10-2023,2144768.294,0.217449682,-0.072730077,Normal
17-10-2023,2141028.768,0.217435222,-0.074346825,Normal
18-10-2023,2128455.577,0.213737457,-0.079782724,Normal
19-10-2023,2136257.338,0.213985125,-0.076409708,Normal
20-10-2023,2106275.745,0.216346481,-0.08937196,Normal
23-10-2023,2123362.24,0.214100199,-0.081984779,Normal
24-10-2023,2131163.6,0.211758833,-0.078611936,Normal
25-10-2023,2196543.431,0.223080482,-0.050345595,Normal
26-10-2023,2114141.486,0.247107952,-0.085971283,Normal
27-10-2023,2126521.333,0.246570509,-0.080618976,Normal
30-10-2023,2174879.451,0.244291142,-0.059711809,Normal
31-10-2023,2180037.169,0.244001658,-0.057481919,Normal
01-11-2023,2231361.236,0.252327578,-0.035292453,Normal
02-11-2023,2245869.073,0.240254321,-0.029020129,Normal
03-11-2023,2274754.178,0.241113478,-0.016531932,Normal
06-11-2023,2298804.476,0.239574341,-0.006134017,Normal
07-11-2023,2324595.271,0.240377917,0,Normal
08-11-2023,2341810.73,0.231774734,0,Normal
09-11-2023,2325626.976,0.234238116,-0.006910787,Normal
10-11-2023,2383527.554,0.241068707,0,Normal
13-11-2023,2364248.888,0.244222508,-0.008088292,Normal
14-11-2023,2387396.043,0.24106997,0,Normal
15-11-2023,2388365.171,0.222772191,0,Normal
16-11-2023,2430360.58,0.222685161,0,Normal
17-11-2023,2389528.245,0.223487809,-0.016800937,Normal
20-11-2023,2438565.675,0.228161072,0,Normal
22-11-2023,2441214.531,0.226857723,0,Normal
24-11-2023,2438500.692,0.226336989,-0.001111676,Normal
27-11-2023,2446124.552,0.225070672,0,Normal
28-11-2023,2472549.132,0.221184188,0,Normal
29-11-2023,2447675.317,0.223566248,-0.010059988,Normal
30-11-2023,2448063.209,0.223179061,-0.009903109,Normal
01-12-2023,2419635.189,0.226125694,-0.021400563,Normal
04-12-2023,2384940.932,0.23254819,-0.035432339,Normal
05-12-2023,2406778.2,0.226770721,-0.026600455,Normal
06-12-2023,2382743.948,0.230298901,-0.036320889,Normal
07-12-2023,2396634.848,0.230368723,-0.030702841,Normal
08-12-2023,2417826.699,0.217100328,-0.02213199,Normal
11-12-2023,2398896.414,0.181683332,-0.029788172,Normal
12-12-2023,2418795.627,0.182007137,-0.021740116,Normal
13-12-2023,2418730.644,0.173970627,-0.021766398,Normal
14-12-2023,2364201.555,0.190003546,-0.043820192,Normal
15-12-2023,2395213.648,0.182544343,-0.031277633,Normal
18-12-2023,2407618.164,0.182326145,-0.026260739,Normal
19-12-2023,2411559.659,0.179610476,-0.024666637,Normal
20-12-2023,2394503.048,0.179562344,-0.031565029,Normal
21-12-2023,2413368.55,0.178244767,-0.023935048,Normal
22-12-2023,2420087.663,0.177366826,-0.021217564,Normal
26-12-2023,2420604.318,0.175757037,-0.021008607,Normal
27-12-2023,2416792.789,0.161447818,-0.022550146,Normal
28-12-2023,2424610.193,0.159544525,-0.019388467,Normal
29-12-2023,2429520.615,0.157355182,-0.017402492,Normal
