Asset_1,Asset_2,Correlation
Tech_stock_data,Tech_stock_data,1
Healthcare_stock_data,Tech_stock_data,0.018178298
Energy_stock_data,Tech_stock_data,0.211680527
Crypto_stock_data,Tech_stock_data,0.225742109
Tech_stock_data,Healthcare_stock_data,0.018178298
Healthcare_stock_data,Healthcare_stock_data,1
Energy_stock_data,Healthcare_stock_data,0.246502869
Crypto_stock_data,Healthcare_stock_data,0.208536082
Tech_stock_data,Energy_stock_data,0.211680527
Healthcare_stock_data,Energy_stock_data,0.246502869
Energy_stock_data,Energy_stock_data,1
Crypto_stock_data,Energy_stock_data,0.606285535
Tech_stock_data,Crypto_stock_data,0.225742109
Healthcare_stock_data,Crypto_stock_data,0.208536082
Energy_stock_data,Crypto_stock_data,0.606285535
Crypto_stock_data,Crypto_stock_data,1
